"predmet_id";"kod_predmetu";"nazev_predmetu";"pocet_kreditu";"typ_predmetu";"forma_studia";"uroven_studia";"zpusob_zakonceni";"jazyk_vyuky"
"1383306";"BI-ZTK";"Tělovýchovný kurz zimní";"0";"P";"P";"B";"Z";"CS"
"1383406";"BI-LTK";"Tělovýchovný kurz letní";"0";"P";"P";"B";"Z";"CS"
"1451306";"BI-LTK2";"Tělovýchovný kurz letní II";"0";"V";"P";"B";"Z";"CS"
"1451406";"BI-ZTK2";"Tělovýchovný kurz zimní II";"0";"V";"P";"B";"Z";"CS"
"1451706";"BI-TV4";"Tělesná výchova IV";"0";"V";"P";"B";"Z";"CS"
"3469106";"BIK-ANG";"Angličtina, externí certifikát";"2";"P;";"K";"B;";"Z";"CS"
"1451506";"BI-TV3";"Tělesná výchova III";"0";"V";"P";"B";"Z";"CS"
"1750806";"U3V";"Fiktivní předmět - rezervace rozvhu pro Univerzitu 3. věku";"0";"V";"";"";"NIC";""
"5409506";"FI-HPZ";"Humanitní předmět z výjezdu v zahraničí";"3";"PV;";"";"B;M;";"Z";""
"4417206";"PI-AJMIN";"Anglický jazyk - obhajoba odborné studie";"0";"P;";"";"D;";"ZK";"EN"
"1254806";"BI-TV2";"Tělesná výchova II";"0";"P";"P";"B";"Z";"CS"
"1254706";"BI-TV1";"Tělesná výchova I";"0";"P";"P";"B";"Z";"CS"
"3101206";"BI-SV";"Španělský jazyk";"2";"P;";"P";"B;";"ZK";""
"3468406";"BIE-ZMA.1";"Elements of Calculus";"6";"";"";"";"Z,ZK";""
"3472506";"BIK-ZMA.1";"Základy matematické analýzy";"6";"";"";"";"Z,ZK";""
"3458806";"BI-BIG.1";"DB technologie pro Big Data";"4";"";"";"";"KZ";""
"3463106";"BI-VOL";"Volitelný předmět";"4";"";"";"";"Z,ZK";""
"3463306";"BI-VZD.1";"Vytěžování znalostí z dat";"4";"";"";"";"Z,ZK";""
"3462406";"BI-SRC.1";"Systémy reálného času";"4";"";"";"";"KZ";""
"3459706";"BI-JPO.1";"Jednotky počítače";"5";"";"";"";"Z,ZK";""
"3466606";"BIE-PS1.1";"Programming in Shell 1";"5";"";"";"";"KZ";""
"3467206";"BIE-SI1.1";"Software Engineering I";"5";"";"P";"";"Z,ZK";""
"3470306";"BIK-LIN.1";"Lineární algebra";"7";"";"";"";"Z,ZK";""
"3461006";"BI-PJP.1";"Programovací jazyky a překladače";"5";"";"";"";"Z,ZK";""
"3461706";"BI-PVE";"Povinně volitelný ekonom.-man.";"4";"";"";"";"Z,ZK";""
"3461306";"BI-PRP.1";"Právo a podnikání";"4";"";"";"";"Z,ZK";""
"3460006";"BI-MGA.1";"Multimediální a grafické aplikace";"5";"";"";"";"Z,ZK";""
"3461106";"BI-PNO.1";"Praktika v návrhu číslicových obvodů";"5";"";"";"";"KZ";""
"3461806";"BI-PVH";"Povinně volitelný humanitní";"2";"";"";"";"ZK";""
"1760806";"VYJEZD";"Výjezd na krátkodobý pobyt do zahraničí, fiktivní předmět";"";"N";"";"";"NIC";""
"3471506";"BIK-PVH";"Povinně volitelný humanitní";"2";"";"";"";"ZK";""
"3471406";"BIK-PVE";"Povinně volitelný ekonom.-man.";"4";"";"";"";"Z,ZK";""
"3472406";"BIK-ZDM.1";"Základy diskrétní matematiky";"5";"";"";"";"Z,ZK";""
"3466906";"BIE-PVE";"Compulsory Elective Econom.-Man.";"4";"";"P";"";"Z,ZK";""
"3467006";"BIE-PVH";"Compulsory Elective Humanities";"2";"";"";"";"ZK";""
"3465706";"BIE-LIN.1";"Linear Algebra";"7";"";"";"";"Z,ZK";""
"3468106";"BIE-VZD.1";"Data Mining";"4";"";"";"";"Z,ZK";""
"3468006";"BIE-VWM.1";"Searching Web and Multimedia DBs";"5";"";"P";"";"Z,ZK";""
"3466406";"BIE-PJP.1";"Program. Languages and Compilers";"5";"";"";"";"Z,ZK";""
"3471706";"BIK-SI1.1";"Softwarové inženýrství I";"5";"";"";"";"Z,ZK";""
"3471106";"BIK-PS1.1";"Programování v shellu 1";"5";"";"";"";"KZ";""
"3468306";"BIE-ZDM.1";"Elements of Discrete Mathematics";"5";"";"";"";"Z,ZK";""
"3461406";"BI-PS1.1";"Programování v shellu 1";"5";"";"";"";"KZ";""
"1749106";"X000621";"Technology Strategy";"";"";"";"";"ZK";""
"2107006";"X000802";"Formal Methods";"";"";"";"";"ZK";""
"2106806";"X000801";"Adv Unix System Admin";"";"";"";"";"ZK";""
"6217706";"NI-VPR";"Výzkumný projekt";"5";"V;";"P";"M";"Z";""
"1510606";"BIE-BAP";"Bachelor Thesis";"14";"P";"P";"B";"Z";"EN"
"1495306";"MI-DIP";"Magisterská práce";"23";"P";"P";"M";"Z";"OO"
"1499406";"MI-MPR";"Magisterský projekt";"7";"P";"P";"M";"Z";""
"5529206";"NI-DIP";"Magisterská práce";"30";"P";"P";"M";"Z";""
"1142806";"BI-BAP";"Bakalářská práce";"14";"P";"";"B";"Z";"CS"
"6256106";"NIE-VPR";"Research Project";"5";"V;";"P";"M";"Z";"EN"
"6547906";"BI-BPR.21";"Bakalářský projekt";"1";"P;";"P";"B;";"Z";"CS"
"6691806";"BI-BAP.21";"Bakalářská práce";"14";"P";"";"B";"Z";"CS"
"6624006";"NIE-MPR";"Master Project";"7";"P";"P";"M";"Z";"EN"
"1495406";"MIE-DIP";"Diploma Project";"23";"P";"P";"M";"Z";"EN"
"6098206";"NI-MPR";"Magisterský projekt";"7";"P";"P";"M";"Z";""
"3469606";"BIK-BPR";"Bakalářský projekt";"2";"P;";"K";"B;";"Z";"CS"
"3465006";"BIE-BPR";"Bachelor Project";"2";"P;";"P";"B;";"Z";"EN"
"6623706";"NIE-DIP";"Diploma Project";"30";"P";"P";"M;";"Z";"EN"
"4887406";"MIE-MPR";"Master Project";"7";"P";"P";"M";"Z";"EN"
"6547806";"BIK-BPR.21";"Bakalářský projekt";"1";"P;";"K";"B;";"Z";"CS"
"6548006";"BIE-BPR.21";"Bachelor Project";"1";"P;";"P";"B;";"Z";"EN"
"6698706";"BIE-BAP.21";"Bachelor Thesis";"14";"P";"";"B";"Z";"EN"
"3458906";"BI-BPR";"Bakalářský projekt";"2";"P;";"P";"B;";"Z";"CS"
"1124006";"BI-WMM";"Web a multimedia";"5";"PO";"P";"B";"Z,ZK";"CS"
"1510306";"BIE-LTK2";"Summer Physical Training Course II";"0";"V";"P";"B";"Z";"EN"
"1431806";"MI-RIC";"Řízení podnikové informatiky";"8";"PO;PZ;";"P";"M";"Z,ZK";"CS"
"4877706";"PI-SWI";"Softwarové inženýrství";"4";"O;";"";"D;";"ZK";""
"1510506";"BIE-ZTK2";"Winter Physical Training Course II";"0";"V";"P";"B";"Z";"EN"
"2390806";"PI-TMN";"Text Mining";"4";"V;";"";"D;";"ZK";""
"5073406";"MIE-SWT";"Software Testing";"5";"V;";"P";"M;";"Z,ZK";"EN"
"1510006";"BIE-TV3";"Physical Education III";"0";"V";"P";"B";"Z";"CS"
"1510106";"BIE-TV4";"Physical Education IV";"0";"V";"P";"B";"Z";"CS"
"1510206";"BIE-LTK";"Summer Physical Training Course";"0";"P";"P";"B";"Z";"EN"
"1510406";"BIE-ZTK";"Winter Physical Training Course";"0";"P";"P";"B";"Z";"EN"
"6069606";"MI-MOP.20";"Moderní Objektové programování ve Pharo";"4";"V;";"P";"B;M;";"KZ";"CS"
"6069706";"MI-PG1.20";"Počítačová grafika 1";"4";"V;";"P";"M;";"ZK";"CS"
"6164106";"NI-ZS10";"Zahraniční stáž pro magisterské studium za 10 kreditů";"10";"V;";"P";"M;";"Z";""
"6163706";"NI-ZS20";"Zahraniční stáž pro magisterské studium za 20 kreditů";"20";"V;";"P";"M;";"Z";""
"2216806";"BIK-SQL";"Jazyk SQL";"4";"V";"K";"B";"Z,ZK";"CS"
"1477606";"BI-PHP";"Programování v PHP";"4";"V";"P";"B";"KZ";"CS"
"1123406";"BI-SI1";"Softwarové inženýrství I";"5";"PO";"P";"B";"ZK";"CS"
"6291506";"BIK-EJA";"Enterprise java";"4";"V";"K";"B";"KZ";"CS"
"1125506";"BI-SI2";"Softwarové inženýrství 2";"5";"PO";"P";"B";"Z,ZK";"CS"
"1443106";"BIK-SI1";"Softwarové inženýrství I";"5";"PO";"K";"B";"ZK";"CS"
"1446406";"BIE-SI1";"Software Engineering I";"5";"PO";"P";"B";"ZK";"EN"
"2765006";"BI-3DT";"3D Tisk";"3";"V;";"P";"B;";"KZ";"CS"
"1123706";"BI-TWA";"Tvorba webových aplikací";"5";"PO";"P";"B";"Z,ZK";"CS"
"6387606";"BIE-ZS20";"Bachelor internship abroad for 20 credits";"20";"V;";"P";"B;";"Z";"EN"
"6387706";"BIE-ZS30";"Bachelor internship abroad for 30 credits";"30";"V;";"P";"B;";"Z";"EN"
"6387806";"MIE-ZS10";"Master internship abroad for 10 credits";"10";"V;";"P";"M;";"Z";"EN"
"6387906";"MIE-ZS20";"Master internship abroad for 20 credits";"20";"V;";"P";"M;";"Z";"EN"
"1694606";"MI-SAS";"IT v době SaaS";"4";"V";"P";"M";"Z,ZK";"CS"
"1284706";"BI-BPZS";"Základní školení BOZP";"0";"P";"P";"B";"Z";"CS"
"1440006";"MIE-MEP";"Modelling of Business Processes";"4";"PO";"P";"M";"Z,ZK";"EN"
"1439406";"MIE-FME";"Formal Methods and Specifications";"4";"PO";"P";"M";"Z,ZK";"EN"
"3091306";"BI-MII";"Marketing a inovace v IT";"5";"PV;";"P";"B;";"Z,ZK";"CS"
"3181506";"BIE-FTR";"Financial Markets";"4";"V;";"P";"B;";"Z,ZK";""
"3317206";"MI-NSS";"Normalized Software Systems";"3";"V;";"P";"M;";"ZK";"EN"
"2961006";"BI-ATS";"Automatizované testování software";"4";"V;";"P";"B;";"Z,ZK";"CS"
"2320906";"BIK-PWT";"Podnikové webové technologie";"5";"PO;";"K";"B;";"Z,ZK";"CS"
"1122606";"BI-EKP";"Ekonomika podniku";"5";"PO";"P";"B";"Z,ZK";"CS"
"2424806";"MI-LIF";"Podnikové portály";"4";"V;";"P";"M;";"Z,ZK";"CS"
"1441206";"BIK-EKP";"Ekonomika podniku";"5";"PO";"K";"B";"Z,ZK";"CS"
"1431706";"MI-PRM";"Projektové manažerství";"3";"P";"P";"M";"Z";"CS"
"1879006";"BIK-RUB";"Programování v Ruby";"4";"V";"K";"B";"KZ";"CS"
"2811906";"FIE-HTE";"History of Technology and Economics";"2";"PV;";"P";"B;M;";"ZK";"EN"
"2506806";"PI-AWR";"Academic Writing";"4";"";"P";"D;";"ZK";""
"3091406";"PI-DIG";"Digitální zdroje a podpora byznysu";"4";"V;";"P";"D;";"ZK";""
"1731506";"PI-ISW";"Implementace sémantického webu";"4";"V";"";"D";"ZK";"CS"
"1617206";"PIK-FME";"Seminář z formálních specifikací";"4";"PO";"K";"D";"Z,ZK";""
"1601306";"PI-FME";"Seminář z formálních specifikací";"4";"";"";"D";"Z,ZK";""
"2015006";"PI-PDM";"Pokročilé databázové modely";"4";"D";"";"D";"ZK";"CS"
"2088806";"PIK-PDM";"Pokročilé databázové modely";"4";"D";"K";"D";"ZK";"CS"
"5431406";"BI-AWD.1";"Administrace webového a DB serveru";"4";"PO";"P";"B";"Z,ZK";"CS"
"1449706";"BIE-TWA";"Web Application Design";"5";"PO";"P";"B";"Z,ZK";"EN"
"1509806";"BIE-TV1";"Physical Education I";"0";"P";"P";"B";"Z";"CS"
"1509906";"BIE-TV2";"Physical Education II";"0";"P";"P";"B";"Z";"CS"
"1622606";"FIT-BOZP";"Základní školení BOZP";"0";"P";"";"0";"Z";"CS"
"1124906";"BI-EPD";"Ekonomika podnikání";"4";"P";"P";"B";"KZ";"CS"
"1432806";"MI-KDD";"Dobývání znalostí z databází";"4";"PO";"P";"M";"Z,ZK";"CS"
"1438706";"MIE-CIO";"IT Support to Business and CIO Role";"3";"P";"P";"M";"ZK";"EN"
"1438006";"MIE-KDD";"Knowledge Discovery from Databases";"4";"PO";"P";"M";"Z,ZK";"EN"
"1443206";"BIK-SI2";"Softwarové inženýrství 2";"5";"PO";"K";"B";"Z,ZK";"CS"
"1439206";"MIE-DPO";"Design Patterns and OOP";"4";"PO";"P";"M";"Z,ZK";"EN"
"1449506";"BIE-EPD";"Business Economics";"4";"P";"P";"B";"KZ";"EN"
"1449606";"BIE-FIP";"Accounting and Corporate Finance";"5";"PO";"P";"B";"Z,ZK";"EN"
"1449306";"BIE-WMM";"Web and Multimedia";"5";"PO";"P";"B";"Z,ZK";"EN"
"1433506";"MI-CIO";"Podpora IT byznysu a role CIO";"3";"PO;";"P";"M";"ZK";"CS"
"2062806";"FIT-EIH";"Evropska integrace v historickych souvislostech";"2";"V;";"P";"0;";"KZ";"CS"
"2058206";"FIT-FI2";"Filozofie II";"2";"V;";"P";"0;";"ZK";"CS"
"2118906";"FI-ANF";"Analytická filosofie";"2";"V;";"";"0;";"ZK";"CS"
"3463206";"BI-VWM.1";"Vyhledávání na webu a v multimed. DB";"5";"";"";"";"Z,ZK";""
"2058106";"FIT-FI1";"Filozofie I";"2";"V;";"P";"0;";"ZK";"CS"
"2120806";"PI-IRT";"Information retrieval";"4";"V;";"";"D;";"ZK";""
"2950806";"PI-AWR.1";"Academic Writing";"0";"";"";"D;";"ZK";""
"5683206";"PI-FME.1";"Seminář z formálních specifikací";"4";"";"";"D";"ZK";""
"3467506";"BIE-SP2.1";"Team Software Project 2";"4";"PO;";"P";"B;";"Z";"EN"
"1435606";"MI-W20";"Web 2.0";"4";"PO";"P";"M";"Z,ZK";"CS"
"1438106";"MIE-NUR";"User Interface Design";"4";"PO";"P";"M";"Z,ZK";"EN"
"1438206";"MIE-PIS";"Advanced Information Systems";"4";"PO";"P";"M";"Z,ZK";"EN"
"2779306";"BIE-SI2.2";"Software Engineering 2";"5";"PO";"";"B";"ZK";"EN"
"2961106";"BI-FTR";"Finanční trhy";"4";"PV;";"P";"B;";"Z,ZK";""
"1442106";"BIK-ZSI";"Základy softwarového inženýrství";"5";"PO";"K";"B";"Z,ZK";"CS"
"1448406";"BIE-SI2";"Software Engineering 2";"5";"PO";"P";"B";"Z,ZK";"EN"
"5927806";"PI-BCM";"Konceptuální modelování chování";"4";"V;";"";"D;";"ZK";""
"1448006";"BIE-AWD";"Web and Database Server Administration";"4";"PO";"P";"B";"Z,ZK";"EN"
"1434306";"MI-FRI";"Finanční řízení ICT";"4";"PO;V;";"P";"M";"Z,ZK";"CS"
"1446106";"BIE-PGR";"Computer Graphics";"6";"PO";"P";"B";"Z,ZK";"EN"
"6699606";"NIE-AM2";"Middleware Architectures 2";"5";"V;";"P";"M;";"Z,ZK";"EN"
"1446606";"BIE-MGA";"Multimedia and Graphics Applications";"5";"PO";"P";"B";"Z,ZK";"EN"
"1447906";"BIE-PPR";"Project, Presentation and Rhetoric";"5";"P";"P";"B";"KZ";"EN"
"1446906";"BIE-EKP";"Enterprise Economics";"5";"PO";"P";"B";"Z,ZK";"EN"
"4730506";"BI-EHD";"Úvod do evropských hospodářských dějin";"3";"PV;V;";"P";"B;";"Z,ZK";"CS"
"2375506";"FI-FIL";"Filosofie";"2";"PV;";"";"B;M;";"ZK";"CS"
"5927906";"PI-SCM";"Strukturální konceptuální modelování";"4";"V;";"";"D;";"ZK";""
"6017606";"FI-VEZ";"Ekonomicko manažerský  předmět z výjezdu v zahraničí";"4";"PV;";"";"B;M;";"Z";""
"1447206";"BIE-OMO";"Object Modeling";"5";"PO";"P";"B";"Z,ZK";"EN"
"1448206";"BIE-PRP";"Law and Business";"4";"PO";"P";"B";"Z,ZK";"EN"
"2964206";"MIE-STR";"Strategy in the ICT industry on case studies";"2";"V;";"P";"M;";"ZK";""
"2392806";"BIE-PWT";"Enterprise Web Technologies";"5";"PO";"P";"B";"Z,ZK";"EN"
"1447106";"BIE-MUM";"Multimedia";"5";"PO";"P";"B";"Z,ZK";"EN"
"1431206";"MI-SIN";"Integrace v informačních systémech";"4";"PO";"P";"M";"ZK";"CS"
"1125006";"BI-FIP";"Účetnictví a finance podniku";"5";"PO;V;";"P";"B";"Z,ZK";"CS"
"1124206";"BI-ZSI";"Základy softwarového inženýrství";"5";"PO";"P";"B";"Z,ZK";"CS"
"1442806";"BIK-PGR";"Počítačová grafika";"6";"PO";"K";"B";"Z,ZK";"CS"
"1678706";"BI-PCS";"Jazyk C# - přístup k datům";"4";"V";"P";"B";"KZ";"CS"
"1449406";"BIE-ZSI";"Introduction to Software Engineering";"5";"PO";"P";"B";"Z,ZK";"EN"
"1445906";"BIK-WT2";"Tvorba webových aplikací";"5";"PO";"K";"B";"Z,ZK";"CS"
"1442506";"BIK-EPD";"Ekonomika podnikání";"4";"P";"K";"B";"KZ";"CS"
"1446006";"BIK-WMM";"Web a multimédia";"5";"PO";"K";"B";"Z,ZK";"CS"
"2320806";"BIE-WT2";"Web Technologies 2";"5";"PO";"P";"B";"Z,ZK";"CS"
"1812806";"BIE-WT1";"Web Technology I";"5";"PO";"P";"B";"Z,ZK";"EN"
"1441906";"BIK-VWM";"Vyhledávání na webu a v multimed. DB";"5";"PO";"K";"B";"Z,ZK";"CS"
"2822906";"BIE-EPD.2";"Business Economics";"5";"P";"P";"B";"KZ";"EN"
"1810906";"BIK-WT1";"Webove technologie I (Web a multimédia)";"5";"PO;";"K";"B;";"Z,ZK";""
"4669606";"MIE-ADP.16";"Architecture and Design Patterns";"5";"PO;";"P";"M;";"Z,ZK";"CS"
"1435006";"MI-PDB";"Pokročilé databázové systémy";"4";"PO";"P";"M";"Z,ZK";"CS"
"1469206";"BIE-SP2";"Team Software Project 2";"6";"PO";"P";"B";"KZ";"EN"
"3499206";"BIK-FMU";"Finanční a manažerské účetnictví";"5";"";"K";"B;";"Z,ZK";"CS"
"4257206";"MI-DNP";"Pokročilý .NET";"4";"V;";"P";"M;";"Z,ZK";"CS"
"5337206";"BI-ZS10";"Zahraniční stáž pro bakalářské studium za 10 kreditů";"10";"V;";"P";"B;";"Z";""
"5337606";"MI-ZS20";"Zahraniční stáž pro magisterské studium za 20 kreditů";"20";"V;";"P";"M;";"Z";""
"5337506";"MI-ZS10";"Zahraniční stáž pro magisterské studium za 10 kreditů";"10";"V;";"P";"M;";"Z";""
"5337406";"BI-ZS30";"Zahraniční stáž pro bakalářské studium za 30 kreditů";"30";"V;";"P";"B;";"Z";""
"5337306";"BI-ZS20";"Zahraniční stáž pro bakalářské studium za 20 kreditů";"20";"V;";"P";"B;";"Z";""
"5337706";"MI-ZS30";"Zahraniční stáž pro magisterské studium za 30 kreditů";"30";"V;";"P";"M;";"Z";""
"1122406";"BI-DBS";"Databázové systémy";"6";"P";"P";"B";"Z,ZK";"CS"
"5171406";"BIE-EPR";"Economic project";"1";"PV;";"P";"B;";"Z";"EN"
"1477406";"BI-APJ";"Aplikační Programování v Javě";"4";"V";"P";"B";"Z,ZK";"CS"
"1808806";"BI-DAN";"Daně pro neekonomy";"4";"PV";"";"B";"Z,ZK";"CS"
"2777406";"BI-A1Z";"Anglický jazyk 1-1";"0";"V;";"";"B;";"Z";"CS"
"2300806";"BI-A2Z";"Anglický jazyk 2-1";"0";"V";"";"B";"Z";""
"2777306";"BI-A0Z";"Anglický jazyk 0-1";"0";"V;";"";"B;";"Z";"CS"
"3459206";"BI-DPR";"Dokumentace, prezentace, rétorika";"4";"P;";"P";"B;";"KZ";"CS"
"5073606";"BI-CS2";"Jazyk C# - přístup k datům";"4";"V";"P";"B";"KZ";"CS"
"5077306";"BIE-CZ0";"Czech Language for Foreigners";"2";"V;";"";"0;";"KZ";""
"2379506";"BI-ANG1";"Zkouška z angličtiny bez přípravných kurzů";"2";"P";"";"B";"Z,ZK";"CS"
"1433006";"MI-PIS";"Pokročilé informační systémy";"4";"PZ";"P";"M";"Z,ZK";"CS"
"1434506";"MI-MDW";"Webové služby a middleware";"4";"PO";"P";"M";"Z,ZK";"CS"
"5124306";"BI-PJS.1";"Programování v jazyku Javascript";"4";"V";"P";"B";"KZ";"CS"
"5077206";"BI-ZNF";"Základy programování v Nette";"3";"V;";"P";"B;";"KZ";"CS"
"1123606";"BI-SP1";"Softwarový týmový projekt 1";"4";"PO";"P";"B";"KZ";"CS"
"1443906";"BIK-OMO";"Objektové modelování";"5";"PO";"K";"B";"Z,ZK";"CS"
"1444806";"BIK-AWD";"Administrace webového a DB serveru";"4";"PO";"K";"B";"Z,ZK";"CS"
"5712406";"BI-TDA";"Test-driven architektura";"4";"V;";"P";"B;";"KZ";"CS"
"1445206";"BIK-MGA";"Multimediální a grafické aplikace";"5";"PO";"K";"B";"Z,ZK";"CS"
"1435506";"MI-VMW";"Vyhledávání multimediálního obsahu na webu";"4";"PO";"P";"M";"Z,ZK";"CS"
"2052906";"BI-PWT";"Podnikové webové technologie";"5";"PO;";"P";"B;";"Z,ZK";"CS"
"1123006";"BI-OMO";"Objektové modelování";"5";"PO";"P";"B";"Z,ZK";"CS"
"1997106";"BIE-PJV";"Programming in Java";"4";"V";"P";"B";"Z,ZK";"EN"
"1810806";"BI-WT1";"Webové technologie I";"5";"PO";"P";"B";"Z,ZK";"CS"
"3319306";"BI-SQL.1";"Jazyk SQL, pokročilý";"4";"V";"P";"0;";"KZ";"CS"
"2200806";"BIK-PJV";"Programování v Javě";"4";"V";"K";"B";"Z,ZK";"CS"
"2162806";"BIK-MEK";"Makroekonomické souvislosti domácí a světové ekonomiky";"4";"PV;";"K";"B;";"KZ";"CS"
"2822806";"BIK-EPD.2";"Ekonomika podnikání";"5";"P";"K";"B";"KZ";"CS"
"2302906";"BIE-ZWU";"Introduction to Web and User Interfaces";"4";"";"P";"B";"Z,ZK";"EN"
"2532806";"BI-ZPI";"Základy procesního inženýrství";"4";"V;";"P";"B;";"KZ";"CS"
"2358206";"BIK-ZWU";"Základy webu a uživatelská rozhraní";"4";"V;";"K";"B;";"Z,ZK";"CS"
"2302806";"BI-ZWU";"Základy webu a uživatelská rozhraní";"4";"V;";"P";"B;";"Z,ZK";"CS"
"2055206";"BI-WT2";"Webové  technologie 2";"5";"PO";"P";"B";"Z,ZK";"CS"
"3319206";"BIK-SQL.1";"Jazyk SQL, pokročilý";"4";"V";"K";"B";"KZ";"CS"
"3467706";"BIE-TJV";"Java Technology";"4";"PO;";"";"B;";"Z,ZK";"EN"
"5712106";"BI-KOT";"Programování v jazyku Kotlin";"4";"V;";"P";"B;";"Z,ZK";"CS"
"4651706";"MI-FME.16";"Formální metody a specifikace";"5";"PO";"P";"M";"Z,ZK";"CS"
"3429206";"BI-OPJ";"Objektové programování v Javě";"7";"V;";"P";"B;";"Z,ZK";"CS"
"2779106";"BIK-SI2.2";"Softwarové inženýrství 2";"5";"PO";"K";"B";"ZK";"CS"
"1336206";"BI-PJV";"Programování v Javě";"4";"V";"P";"B";"Z,ZK";"CS"
"1125606";"BI-SP2";"Softwarový týmový projekt 2";"6";"PO;";"P";"B;";"KZ";"CS"
"2410806";"BI-MIK";"Základy mikroekonomie";"4";"PV;";"P";"B;";"Z,ZK";"CS"
"1445706";"BIK-SP2";"Softwarový týmový projekt 2";"6";"PO";"K";"B";"KZ";"CS"
"4903306";"MIE-SEP";"World Economy and Business";"4";"PV;V;";"P";"M;";"Z,ZK";"EN"
"1121706";"BI-PAI";"Právo a informatika";"3";"P";"P";"B";"ZK";"CS"
"1440706";"MIE-VMW";"Retrieval of Multimedia Content on the Web";"4";"PO";"P";"M";"KZ";"EN"
"2384806";"BI-MEK";"Makroekonomické souvislosti domácí a světové ekonomiky";"4";"PV";"P";"B";"Z,ZK";"CS"
"3462706";"BI-TJV";"Technologie Java";"4";"PO;";"P";"B;";"Z,ZK";"CS"
"3469906";"BIK-DPR";"Dokumentace, prezentace, rétorika";"4";"P;";"K";"B;";"KZ";"CS"
"1125806";"BI-TIS";"Tvorba informačních systémů";"5";"PO";"P";"B";"Z,ZK";"CS"
"2778806";"BI-SI1.2";"Softwarové inženýrství I";"5";"P";"P";"B";"Z,ZK";"CS"
"5555206";"BIE-SP2.2";"Team Software Project 2";"4";"PO;";"P";"B;";"KZ";"EN"
"4653106";"MIE-FME.16";"Formal Methods and Specifications";"5";"PO";"";"M";"Z,ZK";"EN"
"4767806";"MI-NSS.16";"Normalized Software Systems";"5";"PO;V;";"";"M;";"ZK";"EN"
"1125406";"BI-PRP";"Právo a podnikání";"4";"PO";"P";"B";"Z,ZK";"CS"
"3472006";"BIK-SP2.1";"Softwarový týmový projekt 2";"4";"PO;";"K";"B;";"KZ";"CS"
"2960906";"BI-MMP";"Multimediální týmový projekt";"4";"V;";"P";"B;";"KZ";"CS"
"1441606";"BIK-PPR";"Projekt, prezentace a rétorika";"5";"P";"K";"B";"KZ";"CS"
"1434006";"MI-DPO";"Návrhové vzory a OOP";"4";"PO";"P";"M";"Z,ZK";"CS"
"1433806";"MI-DDW";"Dolování dat z webu";"4";"PO";"P";"M";"Z,ZK";"CS"
"1125306";"BI-PPR";"Projekt, prezentace a rétorika";"5";"P";"P";"B";"KZ";"CS"
"1440506";"MIE-SWE";"Semantic Web";"4";"PO";"P";"M";"Z,ZK";"EN"
"1439006";"MIE-DDW";"Web Data Mining";"4";"PO";"P";"M";"Z,ZK";"EN"
"1440806";"MIE-W20";"Web 2.0";"4";"PO";"P";"M";"Z,ZK";"EN"
"1808906";"MI-AIT";"Případové studie aplikace a řízení IT";"2";"PV";"P";"M";"ZK";"CS"
"1439706";"MIE-MDW";"Web Services and Middleware";"4";"PO";"P";"M";"Z,ZK";"EN"
"3462906";"BI-TWA.1";"Tvorba webových aplikací";"5";"PZ;V;";"P";"B;";"Z,ZK";"CS"
"5712206";"MI-VEM";"Vědecké myšlení";"2";"V;";"";"M;";"KZ";"CS"
"1436906";"MIE-PRM";"Project Management";"3";"P";"P";"M";"Z";"EN"
"4652806";"MI-W20.16";"Web 2.0";"5";"PO";"P";"M";"Z,ZK";"CS"
"1434206";"MI-FME";"Formální metody a specifikace";"4";"PO";"P";"M";"Z,ZK";"CS"
"4653806";"MIE-PIS.16";"Advanced Information Systems";"5";"PO";"P";"M";"Z,ZK";"EN"
"1441106";"BIK-SP1";"Softwarový týmový projekt 1";"4";"PO";"K";"B";"KZ";"CS"
"1435306";"MI-SWE";"Semantický web";"4";"PO";"P";"M";"Z,ZK";"CS"
"1441706";"BIK-PRP";"Právo a podnikání";"4";"PO";"K";"B";"Z,ZK";"CS"
"1440206";"MIE-PDB";"Advanced Database Systems";"4";"PO";"P";"M";"Z,ZK";"EN"
"1678806";"BI-PJS";"Programování v jazyku Javascript";"4";"V";"P";"B";"KZ";"CS"
"4654206";"MIE-W20.16";"Web 2.0";"5";"PO";"";"M";"Z,ZK";"EN"
"6143806";"NI-VEM";"Vědecké myšlení";"2";"PV;V;";"";"M;";"KZ";"CS"
"1432906";"MI-NUR";"Návrh uživatelského rozhraní";"4";"PO";"P";"M";"Z,ZK";"CS"
"1442406";"BIK-DBS";"Databázové systémy";"6";"P";"K";"B";"Z,ZK";"CS"
"4653406";"MIE-MDW.16";"Web Services and Middleware";"5";"PO";"";"M";"Z,ZK";"EN"
"1125106";"BI-PGR";"Počítačová grafika";"6";"PO";"P";"B";"Z,ZK";"CS"
"3459506";"BI-FTR.1";"Finanční trhy";"5";"PV;";"P";"B;";"Z,ZK";"CS"
"1694406";"MI-DZO";"Digitální zpracování obrazu";"4";"V";"P";"M";"Z,ZK";"CS"
"4653706";"MIE-PDB.16";"Advanced Database Systems";"5";"PO";"";"M";"Z,ZK";"EN"
"6175806";"NI-DNP";"Pokročilý .NET";"4";"V;";"P";"M;";"Z,ZK";"CS"
"5429206";"MI-AFP";"Aplikované funkcionální programování";"5";"V;";"P";"M;";"KZ";"CS"
"4652406";"MI-PIS.16";"Pokročilé informační systémy";"5";"PZ";"P";"M";"Z,ZK";"CS"
"6083506";"NI-PG1";"Počítačová grafika 1";"4";"V;";"P";"M;";"ZK";"CS"
"1291406";"BI-PYT";"Programování v Pythonu";"4";"V";"P";"B";"Z,ZK";"CS"
"2779206";"BIE-SI1.2";"Software Engineering I";"5";"P;";"";"B";"Z,ZK";"EN"
"3470206";"BIK-KOM";"Konceptuální modelování";"5";"PO;";"K";"B;";"Z,ZK";"CS"
"2056806";"BI-AND";"Programování pro operační systém Android";"4";"V;";"P";"B;M;";"Z,ZK";"CS"
"3091506";"MI-IOS";"Pokročilé techniky v iOS aplikacích";"4";"V";"";"M;";"KZ";""
"3465306";"BIE-DPR";"Documentation, Presentation, Rhetorics";"4";"P;";"P";"B;";"KZ";"EN"
"6172206";"NI-IOS";"Pokročilé techniky v iOS aplikacích";"4";"V";"";"M;";"KZ";"CS"
"1477506";"BI-DNP";"Programování v .NET";"4";"V";"P";"B";"KZ";"CS"
"3465606";"BIE-KOM";"Conceptual Modelling";"5";"PO;";"P";"B;";"Z,ZK";"EN"
"2644806";"BI-A0L";"Anglický jazyk 0-2";"0";"V;";"";"B;";"Z";"CS"
"4730006";"BIE-EHD";"Introduction to European Economic History";"3";"V;";"P";"B;";"Z,ZK";"EN"
"1469306";"BIE-SP1";"Team Software Project 1";"4";"PO";"P";"B";"KZ";"EN"
"1678506";"BI-EJA";"Enterprise java";"4";"V";"P";"B";"Z,ZK";"CS"
"2644906";"BI-A1L";"Anglický jazyk 1-2";"0";"V;";"";"B;";"Z";"CS"
"1124606";"BI-AWD";"Administrace webového a DB serveru";"4";"PO";"P";"B";"Z,ZK";"CS"
"5240406";"BI-BLE";"Blender";"4";"V;";"P";"B;";"Z,ZK";"CS"
"5073306";"BI-CS3";"Jazyk C# - tvorba webových aplikací";"4";"V;";"P";"B;";"KZ";""
"2778906";"BI-SI2.2";"Softwarové inženýrství 2";"5";"PO";"P";"B";"ZK";"CS"
"4651506";"MI-DDW.16";"Dolování dat z webu";"5";"PO";"P";"M";"Z,ZK";"CS"
"4652906";"MIE-DDW.16";"Web Data Mining";"5";"PO";"";"M";"Z,ZK";"EN"
"1448706";"BIE-DBS";"Database Systems";"6";"P";"";"B";"Z,ZK";"EN"
"3427206";"BIE-MIK";"Fundamentals of Microeconomics";"4";"PV;";"P";"B;";"Z,ZK";"EN"
"4849206";"BI-PHP.1";"Programování v PHP";"4";"V;";"P";"B;";"KZ";"CS"
"2375406";"FI-HTE";"Historie techniky a ekonomiky";"2";"PV;";"";"B";"ZK";"CS"
"3462106";"BI-SI2.3";"Softwarové inženýrství 2";"3";"PO;V;";"P";"B;";"Z,ZK";"CS"
"4672406";"MI-PCM.16";"Projektové a změnové řízení";"3";"PV;PZ;";"P";"M;";"KZ";"CS"
"4652006";"MI-MDW.16";"Webové služby a middleware";"5";"PO";"P";"M";"Z,ZK";"CS"
"5527206";"MI-MPX";"Manažerská praxe";"4";"PV;V;";"P";"M;";"Z";"CS"
"6078606";"NI-RSP";"Řízení SW projektů";"4";"PV;";"P";"M;";"KZ";"CS"
"2811806";"FI-KSA";"Úvod do kulturní a sociální antropologie";"2";"PV;V;";"P";"B;";"ZK";"CS"
"2375606";"FI-MPL";"Manažerská psychologie";"2";"PV;";"";"B;M;";"ZK";"CS"
"4652106";"MI-MEP.16";"Modelování ekonomických procesů";"5";"PZ";"P";"M";"Z,ZK";"CS"
"4652306";"MI-PDB.16";"Pokročilé databázové systémy";"5";"PO";"P";"M";"Z,ZK";"CS"
"4663306";"MI-ADP.16";"Architektonické a návrhové vzory";"5";"PO;";"P";"M;";"Z,ZK";"CS"
"4652706";"MI-VMM.16";"Vyhledávání v multimédiích";"5";"PO";"P";"M";"Z,ZK";"CS"
"6113706";"NI-NUR";"Návrh uživatelského rozhraní";"5";"PO";"P";"M";"Z,ZK";"CS"
"4730406";"MI-SEP";"Světová ekonomika a podníkání II.";"4";"PV;V;";"P";"M;";"Z,ZK";"CS"
"6113806";"NI-PDB";"Pokročilé databázové systémy";"5";"PO";"P";"M";"Z,ZK";"CS"
"3523206";"BIE-FTR.1";"Financial Markets";"5";"V;";"P";"B;";"Z,ZK";""
"4871206";"MI-PYT";"Pokročilý Python";"4";"V;";"P";"M;";"KZ";"CS"
"3471806";"BIK-SI2.3";"Softwarové inženýrství 2";"3";"PO;V;";"K";"";"Z,ZK";"CS"
"2779006";"BIK-SI1.2";"Softwarové inženýrství I";"5";"P;";"K";"B";"Z,ZK";"CS"
"1434806";"MI-MEP";"Modelování ekonomických procesů";"4";"PZ";"P";"M";"Z,ZK";"CS"
"3462306";"BI-SP2.1";"Softwarový týmový projekt 2";"4";"PO;";"P";"B;";"KZ";"CS"
"6083606";"NI-MOP";"Moderní objektové programování ve Pharo";"4";"V;";"P";"B;M;";"KZ";"CS"
"6116006";"NI-VMM";"Vyhledávání v multimédiích";"5";"PO";"P";"M";"Z,ZK";"CS"
"2074806";"MI-DSP";"Databázové systémy v praxi";"4";"V;";"P";"M;";"Z,ZK";"CS"
"1477706";"MI-RUB";"Programování v Ruby";"4";"V";"P";"M";"KZ";"CS"
"6166006";"NI-PVR";"Pokročilá virtuální realita";"4";"V;";"P";"M;";"KZ";"CS"
"6165606";"NI-PYT";"Pokročilý Python";"4";"V;";"P";"M;";"KZ";"CS"
"4652206";"MI-NUR.16";"Návrh uživatelského rozhraní";"5";"PO";"P";"M";"Z,ZK";"CS"
"2823006";"BI-EPD.2";"Ekonomika podnikání";"5";"P;";"P";"B";"KZ";"CS"
"2048806";"MI-PSL";"Programování v jazyku Scala";"4";"V;";"P";"M;";"Z,ZK";"CS"
"6098306";"NI-MEP";"Modelování podnikových procesů";"5";"PO;";"P";"M";"Z,ZK";"CS"
"2118806";"FI-GNO";"Základy gnozeologie";"2";"V;";"";"0;";"ZK";"CS"
"5861606";"MI-PVR";"Pokročilá virtuální realita";"4";"V;";"P";"M;";"KZ";"CS"
"6163506";"NI-ZS30";"Zahraniční stáž pro magisterské studium za 30 kreditů";"30";"V;";"P";"M;";"Z";""
"6147506";"BI-ANGS";"Samostatná příprava na jazykovou zkoušku";"2";"";"";"";"Z";""
"3460806";"BI-PGA";"Programování grafických aplikací";"5";"PO;";"P";"B;";"Z,ZK";"CS"
"1449106";"BIE-VWM";"Searching Web and Multimedia Databases";"5";"PO";"P";"B";"Z,ZK";"EN"
"6387506";"BIE-ZS10";"Bachelor internship abroad for 10 credits";"10";"V;";"P";"B;";"Z";"EN"
"4653606";"MIE-NUR.16";"User Interface Design";"5";"PO";"";"M";"Z,ZK";"EN"
"6283506";"NI-CCC";"Kreativní programování";"4";"V;";"P";"M;";"KZ";""
"1443506";"BIK-TIS";"Tvorba informačních systémů";"5";"PO";"K";"B";"Z,ZK";"CS"
"4669506";"MI-MBI.16";"Řízení podnikové informatiky";"5";"PZ;";"P";"M;";"Z,ZK";"CS"
"4674206";"MI-SMI.16";"Strategické řízení informatiky";"5";"PZ;";"P";"M;";"Z,ZK";"CS"
"1447706";"BIE-PAI";"Law and Informatics";"3";"P";"P";"B";"ZK";"EN"
"5861706";"BI-VHS";"Virtuální herní světy";"4";"V;";"P";"";"ZK";"CS"
"6397506";"BI-PYT.1";"Programování v Pythonu";"5";"PZ;V;";"P";"B";"KZ";"CS"
"3167206";"BI-3DT.1";"3D Tisk";"4";"V;";"P";"B;";"KZ";"CS"
"5073506";"BI-CS1";"Programování v C#";"4";"V";"P";"B";"KZ";"CS"
"2670706";"FI-ULI";"Úvod do lingvistiky pro informatiky";"2";"PV;";"";"B;";"ZK";"CS"
"6293806";"NI-DSP";"Databázové systémy v praxi";"4";"V;";"P";"M;";"Z,ZK";"CS"
"5712306";"BI-VR1";"Virtuální realita I";"4";"V;";"P";"B;";"KZ";"CS"
"3094006";"BI-BIG";"DB technologie pro Big Data";"4";"PO;PZ;V;";"P";"B;";"KZ";""
"6157506";"NI-AFP";"Aplikované funkcionální programování";"5";"V;";"P";"M;";"KZ";"CS"
"6075706";"NI-BUI";"Podniková informatika";"5";"PO;";"P";"M;";"Z,ZK";"CS"
"4255206";"BI-GIT";"Systém pro správu verzí Git";"2";"V;";"";"B;";"KZ";"CS"
"6628206";"NIE-FME";"Formal Methods and Specifications";"5";"PO";"P";"M";"Z,ZK";"EN"
"1122906";"BI-MGA";"Multimediální a grafické aplikace";"5";"PO";"P";"B";"Z,ZK";"CS"
"2836106";"BIK-KSA";"Úvod do kulturní a sociální antropologie";"2";"PV;";"K";"B;";"ZK";"CS"
"6075906";"NI-TSW";"Tvorba softwarových produktů";"4";"PO;";"P";"M;";"KZ";"CS"
"6143706";"NI-SEP";"Světová ekonomika a podnikání II.";"4";"PV;V;";"P";"M;";"Z,ZK";"CS"
"6114006";"NI-PIS";"Podnikové informační systémy";"5";"PO;";"P";"M";"Z,ZK";"CS"
"6114806";"NI-FME";"Formální metody a specifikace";"5";"PO";"P";"M";"Z,ZK";"CS"
"3459806";"BI-KOM";"Konceptuální modelování";"5";"PO;";"P";"B;";"Z,ZK";"CS"
"6174506";"NI-DZO";"Digitální zpracování obrazu";"4";"V";"P";"M";"Z,ZK";"CS"
"1123906";"BI-VWM";"Vyhledávání na webu a v multimediálních databázích";"5";"PO";"P";"B";"Z,ZK";"CS"
"6569806";"BI-MVT.21";"Moderní vizualizační technologie";"5";"PO;V;";"P";"B;";"Z,ZK";"CS"
"6609906";"BI-MDF.21";"Moderní datové formáty";"3";"PO;";"P";"B;";"KZ";"CS"
"6608006";"BI-AWD.21";"Administrace webového a DB serveru";"5";"PO";"P";"B";"Z,ZK";"CS"
"6607806";"BI-PHP.21";"Programování v PHP";"5";"PO;";"P";"B;";"Z,ZK";"CS"
"3471906";"BIK-SP1.21";"Softwarový týmový projekt 1";"5";"PO;";"K";"B;";"KZ";"CS"
"4652606";"MI-SWE.16";"Semantický web";"5";"PO";"P";"M";"Z,ZK";"CS"
"3459406";"BI-FMU";"Finanční a manažerské účetnictví";"5";"PO;V;";"P";"B;";"Z,ZK";"CS"
"3459306";"BI-EMP";"Ekonomické a manažerské principy";"4";"PO;";"P";"B;M;";"KZ";"CS"
"3470006";"BIK-EMP";"Ekonomické a manažerské principy";"4";"PO;";"K";"B;";"KZ";"CS"
"3465406";"BIE-EMP";"Economic and management principles";"4";"PO;";"";"B;";"KZ";"EN"
"6624406";"BIE-SP1.21";"Team Software Project 1";"5";"PO;";"P";"B;";"KZ";"EN"
"6579906";"BI-SWI.21";"Softwarové inženýrství";"5";"PO;";"P";"B;";"Z,ZK";"CS"
"6570106";"BIE-VHS.21";"Virtual game-worlds";"5";"PO;";"P";"B;";"Z,ZK";"CS"
"3462206";"BI-SP1.21";"Softwarový týmový projekt 1";"5";"P;PO;";"P";"B;";"KZ";"CS"
"6627806";"BIE-FBI.21";"Financial Business Intelligence";"5";"PO;";"P";"B;";"Z,ZK";"EN"
"6624706";"BIE-TJV.21";"Technologie Java";"5";"PO;";"P";"B;";"Z,ZK";"EN"
"6143506";"NI-MPX";"Manažerská praxe";"4";"PV;";"P";"M;";"Z";"CS"
"6629906";"NIE-PIS";"Advanced Information Systems";"5";"PZ";"P";"M";"Z,ZK";"EN"
"6629206";"NIE-DSS";"Decision Support Systems";"5";"PO;";"P";"M;";"Z,ZK";"EN"
"6629106";"NIE-TSW";"Software Product Development";"4";"PO;";"P";"M;";"KZ";"EN"
"6627706";"BIE-EPP.21";"Economic Business Processes";"5";"PO;";"P";"B;";"Z,ZK";"EN"
"6624606";"BIE-SWI.21";"Software Engineering";"5";"PO;";"P";"B;";"Z,ZK";"EN"
"6111806";"NI-NSS";"Normalized Software Systems";"5";"PO;V;";"P";"M;";"ZK";"EN"
"6585706";"BI-SP2.21";"Softwarový týmový projekt 2";"5";"PO;";"P";"B;";"KZ";"CS"
"6075606";"NI-PAS";"Pokročilé aspekty podnikání";"4";"PO;";"P";"M;";"Z,ZK";"CS"
"6561906";"BI-FBI.21";"Finanční podniková inteligence";"5";"PO;";"P";"B;";"Z,ZK";"CS"
"6562006";"BIK-FBI.21";"Finanční podniková inteligence";"5";"PO;";"K";"B;";"Z,ZK";"CS"
"6544006";"BIK-DBS.21";"Databázové systémy";"5";"P";"K";"B";"Z,ZK";"CS"
"3460906";"BI-PGR.1";"Počítačová grafika";"5";"PO;";"P";"B;";"Z,ZK";"CS"
"6561706";"BI-EPP.21";"Ekonomické podnikové procesy";"5";"PO;";"P";"B;";"Z,ZK";"CS"
"6543906";"BIE-DBS.21";"Database Systems";"5";"P";"";"B";"Z,ZK";"EN"
"6601306";"NI-LNG";"Úvod do lingvistiky pro informatiky";"2";"PV;V;";"P";"M;";"ZK";"CS"
"6607906";"BI-PJS.21";"Programování v jazyku Javascript";"5";"PO;";"P";"B";"KZ";"CS"
"6570006";"BIK-VHS.21";"Virtuální herní světy";"5";"PO;";"K";"B;";"Z,ZK";"CS"
"6569906";"BI-VHS.21";"Virtuální herní světy";"5";"PO;";"P";"B;";"Z,ZK";"CS"
"6618106";"BIK-SP2.21";"Softwarový týmový projekt 2";"5";"PO;";"K";"B;";"KZ";"CS"
"6161706";"NI-MPL";"Manažerská psychologie";"2";"PV;V;";"";"M;";"ZK";"CS"
"6629806";"NIE-PDB";"Advanced Database Systems";"5";"PO";"P";"M";"Z,ZK";"EN"
"6624506";"BIE-SP2.21";"Team Software Project 2";"5";"PO;";"P";"B;";"KZ";"EN"
"6628406";"NIE-NUR";"User Interface Design";"5";"PO";"P";"M";"Z,ZK";"EN"
"6561806";"BIK-EPP.21";"Ekonomické podnikové procesy";"5";"PO;";"K";"B;";"Z,ZK";"CS"
"6628306";"NIE-NSS";"Normalized Software Systems";"5";"PO;V;";"P";"M;";"ZK";"EN"
"6618006";"BIK-SWI.21";"Softwarové inženýrství";"5";"PO;";"K";"B;";"Z,ZK";"CS"
"6629306";"NIE-MEP";"Modelling of Enterprise Processes";"5";"PO;";"P";"M";"Z,ZK";"EN"
"6616006";"BI-TJV.21";"Technologie Java";"5";"PO;";"P";"B;";"Z,ZK";"CS"
"6617806";"BIK-TJV.21";"Technologie Java";"5";"PO;";"K";"B;";"Z,ZK";"CS"
"1448806";"BIE-TIS";"Information Systems Design";"5";"PO";"P";"B";"Z,ZK";"EN"
"6675306";"BIK-AWD.21";"Administrace webového a DB serveru";"5";"PO";"K";"B";"Z,ZK";"CS"
"6675406";"BIK-BIG.21";"DB technologie pro Big Data";"5";"PO";"K";"B;";"KZ";""
"6608206";"BI-BIG.21";"DB technologie pro Big Data";"5";"PO;PV;";"P";"B;";"KZ";"CS"
"6617906";"BIK-IDO.21";"Úvod do DevOps";"5";"PO;";"K";"B;";"Z,ZK";"CS"
"6704506";"BI-KOM.21";"Konceptuální modelování";"5";"PO;";"P";"B;";"Z,ZK";"CS"
"6706306";"BIE-KOM.21";"Konceptuální modelování";"5";"PO;";"P";"B;";"Z,ZK";"CS"
"6706206";"BIK-KOM.21";"Konceptuální modelování";"5";"PO;";"K";"B;";"Z,ZK";"CS"
"6702906";"BI-MGA.21";"Multimediální a grafické aplikace";"5";"PO";"P";"B";"Z,ZK";"CS"
"6703106";"BI-PGR.21";"Počítačová grafika";"5";"PO;";"P";"B;";"Z,ZK";"CS"
"6702406";"BI-VWM.21";"Vyhledávání na webu a v multimediálních databázích";"5";"PO;PV;";"P";"B";"Z,ZK";"CS"
"6672406";"BIE-AWD.21";"Web and Database Server Administration";"5";"PO";"P";"B";"Z,ZK";"EN"
"6157706";"NI-APH";"Architektura počítačových her";"4";"V;";"P";"M;";"Z,ZK";"CS"
"4653506";"MIE-MEP.16";"Modelling of Business Processes";"5";"PO";"P";"M";"Z,ZK";"EN"
"1510706";"BIE-EC";"English External Certificate";"2";"P";"P";"B";"Z";"EN"
"5239806";"MI-APH";"Architektura pocitacovych her";"4";"V;";"P";"M;";"Z,ZK";"CS"
"6183506";"BI-KSA";"Úvod do kulturní a sociální antropologie";"2";"PV;V;";"P";"B;";"ZK";"CS"
"4654006";"MIE-SWE.16";"Semantic Web";"4";"PO";"P";"M";"Z,ZK";"EN"
"6119706";"NI-DDW";"Dolování dat z webu";"5";"PO";"P";"M";"Z,ZK";"CS"
"3468206";"BIE-XML";"XML Technology";"4";"PZ;";"P";"B;";"Z,ZK";"EN"
"6099806";"NI-ADP";"Architektonické a návrhové vzory";"5";"PO;";"P";"M;";"Z,ZK";"CS"
"6627906";"BIE-PAI.21";"Law and Informatics";"5";"P";"P";"B";"ZK";"EN"
"6562406";"BIK-PRR.21";"Projektové řízení";"5";"PV";"K";"B";"Z,ZK";"CS"
"6115406";"NI-SWE";"Semantický web a znalostní grafy";"5";"PO";"P";"M";"Z,ZK";"CS"
"6547506";"BI-TDP.21";"Tvorba dokumentace a prezentace";"3";"P;";"P";"B;";"KZ";"CS"
"6562206";"BIK-PAI.21";"Právo a informatika";"5";"P";"K";"B";"ZK";"CS"
"6672506";"BIE-BIG.21";"DB Technologies for Big Data";"5";"PO";"P";"B;";"KZ";"EN"
"6562106";"BI-PAI.21";"Právo a informatika";"5";"PO;PV;";"P";"B";"ZK";"CS"
"6621706";"BIE-IDO.21";"Introduction to DevOps";"5";"PO;";"P";"B;";"Z,ZK";"EN"
"6547606";"BIE-TDP.21";"Documentation and Presentation";"3";"P;";"P";"B;";"KZ";"CS"
"6562306";"BI-PRR.21";"Projektové řízení";"5";"PV";"P";"B";"Z,ZK";"CS"
"6601206";"BI-PYT.21";"Programování v Pythonu";"5";"PO;V;";"P";"B";"KZ";"CS"
"6608306";"BI-IDO.21";"Úvod do DevOps";"5";"PO;";"P";"B;";"Z,ZK";"CS"
"6547706";"BIK-TDP.21";"Tvorba dokumentace a prezentace";"3";"P;";"K";"B;";"KZ";"CS"
"6695806";"BI-TWA.21";"Tvorba webových aplikací";"5";"PO;";"P";"B;";"Z,ZK";"CS"
"6703206";"BI-TIS.21";"Tvorba informačních systémů";"5";"PO";"P";"B";"Z,ZK";"CS"
"6699506";"NIE-DDW";"Web Data Mining";"5";"V";"";"M";"Z,ZK";"EN"
"6561506";"BI-FEM.21";"Základy ekonomie";"5";"PO;";"P";"B;";"Z,ZK";"CS"
"1495806";"BI-AZKE";"Angličtina, externí zkouška";"2";"P";"";"B";"ZK";"EN"
"6703006";"BI-PGA.21";"Programování grafických aplikací";"5";"PO;";"P";"B;";"Z,ZK";"CS"
"1148406";"BI-ANG";"Zkouška z angličtiny po zápočtu z BI-A2L";"2";"P";"";"B";"ZK";"CS"
"1324006";"BI-A2L";"Anglický jazyk, příprava na zkoušku na úrovni B2";"2";"V;";"";"B;";"Z";""
"6543806";"BI-DBS.21";"Databázové systémy";"5";"P;";"P";"B";"Z,ZK";"CS"
"1678906";"BI-SQL";"Jazyk SQL";"4";"V";"P";"B";"Z,ZK";"CS"
"1441506";"BIK-PAI";"Právo a informatika";"3";"P";"K";"B";"ZK";"CS"
"3383206";"BIE-3DT.1";"3D Printing";"4";"V;";"P";"B;";"KZ";"EN"
"1441406";"BIK-FIP";"Účetnictví a finance podniku";"5";"PO";"K";"B";"Z,ZK";"CS"
"3467806";"BIE-TWA.1";"Web Application Design";"5";"PZ;";"P";"B;";"Z,ZK";"CS"
"3464906";"BIE-BIG";"DB Technologies for Big Data";"4";"PO;";"P";"B;";"KZ";"EN"
"1809006";"BI-PRR";"Projektové řízení";"4";"PV";"P";"B";"KZ";"CS"
"3467406";"BIE-SP1.1";"Team Software Project 1";"5";"PO;";"P";"B;";"KZ";"CS"
"5431206";"BIE-AWD.1";"Web and Database Server Administration";"4";"V;";"P";"B";"Z,ZK";"EN"
"4882806";"BIE-PHP.1";"Programing in PHP";"4";"V;";"P";"B;";"KZ";"EN"
"5431306";"BIK-AWD.1";"Administrace webového a DB serveru";"4";"PO";"K";"B";"Z,ZK";"CS"
"6609806";"BI-VR2";"Virtuální realita II";"3";"V;";"P";"B;";"KZ";"CS"
"2433206";"BI-IOS";"Základy vývoje iOS aplikací pro iPhone a iPad";"4";"V;";"P";"B;";"KZ";"CS"
"6805806";"BIE-PRR.21";"Project management";"4";"V";"P";"B";"KZ";"EN"
"1679006";"BI-XML";"Technologie XML";"4";"PZ;";"P";"B";"Z,ZK";"CS"
"5073206";"MI-MPC";"Moderní programování v C++";"5";"V;";"P";"M;";"Z,ZK";""
"3472206";"BIK-TJV";"Technologie Java";"4";"PO;PZ;";"K";"B;";"Z,ZK";"CS"
"6166706";"NI-PSL";"Programování v jazyku Scala";"4";"V;";"P";"M;";"Z,ZK";"CS"
"6076106";"NI-AM2";"Architektura middleware 2";"5";"PO;PV;";"P";"M;";"Z,ZK";"CS"
"6075506";"NI-AM1";"Architektura middleware 1";"5";"PO;";"P";"M;";"Z,ZK";"CS"
"6076006";"NI-CAP";"Člověk v antropologických perspektivách";"2";"PV;V;";"P";"M;";"ZK";"CS"
"6628106";"NIE-AM1";"Middleware Architectures 1";"5";"PO;";"P";"M;";"Z,ZK";"EN"
"6548206";"BI-GIT.21";"Technologie pro vývoj SW";"3";"P;";"";"B;";"Z";"CS"
"6548406";"BIE-GIT.21";"SW Development Technologies";"3";"P;";"P";"B;";"Z";"EN"
"6763706";"NI-PSD";"Design veřejných služeb";"4";"V";"P";"M;";"KZ";"CS"
"5155306";"BIE-EEC";"English external certificate";"4";"P";"";"B";"Z";""
"6165306";"NI-RUB";"Programování v Ruby";"4";"V";"P";"M";"KZ";"CS"
"6075806";"NI-DSS";"Systémy podpory rozhodování";"5";"PO;";"P";"M;";"Z,ZK";"CS"
"6548306";"BIK-GIT.21";"Technologie pro vývoj SW";"3";"P;";"K";"B;";"Z";"CS"
"3467306";"BIE-SI2.3";"Software Engineering 2";"3";"V";"";"";"Z,ZK";"EN"
"4730106";"BI-SEP";"Světová ekonomika a podnikání I.";"4";"PV;V;";"P";"B;M;";"Z,ZK";"CS"
"6628006";"NIE-ADP";"Architecture and Design patterns";"5";"PO;";"P";"M;";"Z,ZK";"EN"
"1431606";"MI-SPI";"Statistika pro informatiku";"7";"P";"P";"M";"Z,ZK";"CS"
"1436806";"MIE-SPI";"Statistics for Informatics";"7";"P";"P";"M";"Z,ZK";"EN"
"6770606";"NIE-ADM";"Algoritmy data miningu";"5";"PO;";"P";"M";"Z,ZK";"CS"
"2977806";"BIE-IMA";"Introduction to Mathematics";"4";"V;";"P";"B;";"Z";"EN"
"5543506";"BI-SZ2";"Seminář znalostního inženýrství II";"4";"V;";"P";"B;";"Z";"CS"
"5543406";"BI-SZ1";"Seminář znalostního inženýrství I";"4";"V;";"P";"B;";"Z";"CS"
"2068806";"FI-HMI";"Historie matematiky a informatiky";"3";"V;";"";"0;";"ZK";"CS"
"6219506";"PI-PRO";"Plánování v robotice";"4";"V;";"P";"D;";"ZK";""
"2508906";"PI-STA";"Pokročilé Statistické Metody";"4";"V;";"";"D;";"ZK";"CS"
"3387206";"BI-UVM";"Úvod do vyšší matematiky";"6";"V;";"P";"B;";"Z";"CS"
"4601606";"MI-NNS";"Numerační systémy v SAGEmath";"2";"V;";"P";"M;";"Z";"EN"
"6699806";"NIE-VYC";"Computability";"4";"V;";"P";"D;M;";"Z,ZK";"EN"
"5543206";"MI-UMI";"Umělá inteligence";"5";"PO;V;";"P";"M;";"Z,ZK";"CS"
"1601606";"PI-NSV";"Neuronové sítě a výpočetní inteligence";"4";"P;";"";"D";"ZK";""
"4663006";"BIK-PKM";"Přípravný kurz matematiky";"4";"V";"K";"B";"Z";"CS"
"1443006";"BIK-PST";"Pravděpodobnost a statistika";"5";"P";"K";"B";"Z,ZK";"CS"
"1126006";"BI-VZD";"Vytěžování znalostí z dat";"4";"PO";"P";"B";"Z,ZK";"CS"
"4655906";"MI-MVI.16";"Metody výpočetní inteligence";"5";"PO";"P";"M";"Z,ZK";"CS"
"2753706";"MI-HMI2";"Historie matematiky a informatiky 2";"3";"V;";"P";"M;";"ZK";"CS"
"3315206";"BI-VMM";"Vybrané matematické metody";"4";"V;";"P";"B;";"Z,ZK";"CS"
"4662906";"BI-PKM";"Přípravný kurz matematiky";"4";"V;";"";"B;";"Z";"CS"
"1445306";"BIK-MLO";"Matematická logika";"5";"P";"K";"B";"Z,ZK";"CS"
"1806906";"MI-SPI.1";"Statistika pro informatiku";"8";"P";"P";"M";"Z,ZK";"CS"
"1806806";"MIE-SPI.1";"Statistics for Informatics";"8";"P";"P";"M";"Z,ZK";"EN"
"2552806";"BIK-HMI";"Historie matematiky a informatiky";"3";"V;";"K";"0;";"ZK";"CS"
"2960606";"BI-HMI";"Historie matematiky a informatiky";"3";"PV;";"";"B;";"Z,ZK";"CS"
"2960806";"MI-EDW";"Enterprise Data Warehouse systémy";"4";"V;";"P";"B;";"Z,ZK";"CS"
"4732806";"MI-MZI";"Matematika pro znalostní inženýrství";"4";"V;";"P";"M;";"Z,ZK";"CS"
"5171306";"MIE-MZI";"Mathematics for data science";"4";"V;";"P";"M;";"Z,ZK";"EN"
"5720106";"MI-PDM";"Praktický data mining";"5";"PO;";"P";"M;";"Z,ZK";"CS"
"2357506";"BI-ZUM";"Základy umělé inteligence";"4";"V;";"P";"B;";"Z,ZK";"CS"
"4659006";"MIE-MVI.16";"Computational Intelligence Methods";"5";"PO";"";"M";"Z,ZK";"EN"
"5423206";"MI-BML";"Bayesovské  metody  ve strojovém učení";"5";"V;";"P";"M;";"KZ";"CS"
"4661406";"MI-SPI.16";"Statistika pro informatiku";"7";"P";"P";"M";"Z,ZK";"CS"
"1440306";"MIE-PDD";"Data Preprocessing";"4";"PO";"P";"M";"Z,ZK";"EN"
"4662006";"MIE-SPI.16";"Statistics for Informatics";"7";"P";"";"M";"Z,ZK";"EN"
"5720006";"MI-TNN";"Teorie neuronových sítí";"4";"V;";"P";"M;";"Z,ZK";"CS"
"1435106";"MI-PDD";"Předzpracování dat";"4";"PO";"P";"M";"Z,ZK";"CS"
"5107306";"MI-GLR";"Games and reinforcement learning";"4";"V;";"";"0;";"Z,ZK";"EN"
"4877406";"MIE-HMI";"History of Mathematics and Informatics";"3";"PV;V;";"P";"M;";"Z,ZK";"EN"
"5523406";"MI-VSM";"Vybrané statistické metody";"8";"PO;";"P";"M;";"Z,ZK";"CS"
"1697506";"MI-ADM";"Algoritmy data miningu";"4";"V";"P";"M";"Z,ZK";"CS"
"1438306";"MIE-MVI";"Computational Intelligence Methods";"4";"PO";"P";"M";"Z,ZK";"EN"
"4663206";"MI-ADM.16";"Algoritmy data miningu";"5";"PZ";"P";"M";"Z,ZK";"CS"
"1433106";"MI-MVI";"Metody výpočetní inteligence";"4";"PO";"P";"M";"Z,ZK";"CS"
"1439806";"MIE-MPI";"Mathematics for Informatics";"7";"P";"";"M";"Z,ZK";"EN"
"1449206";"BIE-VZD";"Data Mining";"4";"PO";"P";"B";"Z,ZK";"EN"
"1441306";"BIK-VZD";"Vytěžování znalostí z dat";"4";"PO";"K";"B";"Z,ZK";"CS"
"6167006";"NI-MZI";"Matematika pro znalostní inženýrství";"4";"V;";"P";"M;";"Z,ZK";"CS"
"5463206";"MI-DDM";"Distribuovaný data mining";"4";"V;";"P";"M;";"KZ";"EN"
"6163906";"NI-VYC";"Vyčíslitelnost";"4";"V;";"P";"D;M;";"Z,ZK";"CS"
"6174006";"NI-HMI2";"Historie matematiky a informatiky 2";"3";"V;";"P";"M;";"ZK";"CS"
"3315506";"MI-VYC";"Vyčíslitelnost";"4";"V;";"P";"D;M;";"Z,ZK";"CS"
"2964606";"MI-MSI";"Matematické struktury v informatice";"4";"V;";"P";"M;";"Z,ZK";"CS"
"2961206";"MI-IKM";"Internet a klasifikační metody";"4";"PZ;V;";"P";"M;";"Z,ZK";"CS"
"6098006";"NI-LSM";"Laboratoř statistického modelování";"5";"V;";"P";"B;M;";"KZ";"CS"
"5543606";"MI-SZ1";"Seminář znalostního inženýrství magisterský I";"4";"V;";"P";"M;";"Z";"CS"
"5543706";"MI-SZ2";"Seminář znalostního inženýrství magisterský II";"4";"V;";"P";"M;";"Z";"CS"
"1434606";"MI-MPI";"Matematika pro informatiku";"7";"P";"P";"M";"Z,ZK";"CS"
"4656406";"MI-PDD.16";"Předzpracování dat";"5";"PO";"P";"M";"Z,ZK";"CS"
"5069606";"BI-ALO";"Algebra a logika";"4";"V;";"P";"B;";"Z,ZK";"CS"
"4750506";"MI-EDW.16";"Podnikové datové sklady";"5";"PO";"P";"M;";"Z,ZK";"CS"
"5433306";"BIE-HMI";"History of Mathematics and Informatics";"3";"PV;";"";"B;";"Z,ZK";"EN"
"6003506";"BIE-PKM";"Preparatory Mathematics";"4";"V;";"P";"B;";"Z";"EN"
"4659506";"MIE-PDD.16";"Data Preprocessing";"5";"PO";"P";"M";"Z,ZK";"EN"
"6219606";"PI-SPL";"Splnitelnost a plánování";"4";"V;";"P";"D;";"ZK";""
"1448106";"BIE-PST";"Probability and Statistics";"5";"P";"P";"B";"Z,ZK";"EN"
"2358306";"BIE-ZUM";"Artificial Intelligence Fundamentals";"4";"V;";"P";"B;";"Z,ZK";"EN"
"4847206";"BIE-IMA2";"Introduction to Mathematics 2";"2";"V;";"P";"B;";"Z";"EN"
"6614006";"BI-VIZ.21";"Vizualizace dat";"5";"PO;";"P";"B;";"KZ";"CS"
"5543306";"MI-SCR";"Statistická analýza časových řad";"4";"V;";"P";"D;M;";"Z,ZK";"CS"
"6445506";"NI-EDW";"Podnikové datové sklady";"5";"V;";"P";"M;";"Z,ZK";"CS"
"6115806";"NI-UMI";"Umělá inteligence";"5";"PO;V;";"P";"M;";"Z,ZK";"CS"
"6085806";"NI-MPI";"Matematika pro informatiku";"7";"P;";"P";"M";"Z,ZK";"CS"
"6105606";"NI-BML";"Bayesovské  metody ve strojovém učení";"5";"PO;";"P";"M;";"KZ";"CS"
"6085506";"NI-PON";"Vybrané partie z optimalizace a numeriky";"5";"PO;";"P";"M;";"Z,ZK";"CS"
"3463706";"BI-ZNS";"Znalostní systémy";"5";"PO;";"P";"B;";"Z,ZK";"CS"
"5575306";"BI-SVZ";"Strojové vidění a zpracování obrazu";"5";"PO;V;";"P";"B;";"Z,ZK";"CS"
"6624206";"NIE-VSM";"Selected statistical Methods";"7";"PO;";"P";"M;";"Z,ZK";"EN"
"6098106";"NI-VSM";"Vybrané statistické metody";"7";"P;";"P";"M;";"Z,ZK";"CS"
"1123306";"BI-PST";"Pravděpodobnost a statistika";"5";"P";"P";"B";"Z,ZK";"CS"
"6175606";"NI-DDM";"Distribuovaný data mining";"4";"V;";"P";"M;";"KZ";"EN"
"6141506";"NI-TNN";"Teorie neuronových sítí";"5";"V;";"P";"M;";"Z,ZK";"CS"
"6113906";"NI-PDD";"Předzpracování dat";"5";"PO";"P";"M";"Z,ZK";"CS"
"6579306";"BIE-ZUM.21";"Artificial Intelligence Fundamentals";"5";"V;";"P";"B;";"Z,ZK";"EN"
"6614106";"BI-PRS.21";"Praktická statistika";"5";"PO;";"P";"B;";"KZ";"CS"
"6579206";"BIK-ZUM.21";"Základy umělé inteligence";"5";"PV;";"K";"B;";"Z,ZK";"CS"
"6675106";"BIK-ML2.21";"Strojové učení 2";"5";"PO;V;";"K";"B;";"Z,ZK";"CS"
"6575606";"BI-ZUM.21";"Základy umělé inteligence";"5";"PO;PV;";"P";"B;";"Z,ZK";"CS"
"6703906";"BI-SVZ.21";"Strojové vidění a zpracování obrazu";"5";"PO;PV;";"P";"B;";"Z,ZK";"CS"
"6692606";"BI-PST.21";"Pravděpodobnost a statistika";"5";"P";"P";"B";"Z,ZK";"CS"
"6704106";"BI-ZNS.21";"Znalostní systémy";"5";"PO;PV;";"P";"B;";"Z,ZK";"CS"
"6699306";"BIE-PST.21";"Probability and Statistics";"5";"P";"P";"B";"Z,ZK";"EN"
"6699206";"BIK-PST.21";"Pravděpodobnost a statistika";"5";"P";"K";"B";"Z,ZK";"CS"
"3468506";"BIE-ZNS";"Knowledge-based Systems";"5";"PO;";"P";"B;";"Z,ZK";"CS"
"6533706";"BI-LA1.21";"Lineární algebra 1";"5";"P;";"P";"B;";"Z,ZK";"CS"
"1122106";"BI-ZMA";"Základy matematické analýzy";"6";"P";"P";"B";"Z,ZK";"CS"
"6299506";"NI-GLR";"Games and reinforcement learning";"4";"V;";"";"0;";"Z,ZK";"EN"
"6627606";"BIE-ML1.21";"Machine Learning 1";"5";"PV;";"P";"B;";"Z,ZK";"EN"
"6099706";"NI-ADM";"Algoritmy data miningu";"5";"PO;";"P";"M";"Z,ZK";"CS"
"6111706";"NI-MVI";"Metody výpočetní inteligence";"5";"PO";"P";"M";"Z,ZK";"CS"
"6173006";"NI-IKM";"Internet a klasifikační metody";"4";"V;";"P";"M;";"Z,ZK";"CS"
"6576906";"BI-ML2.21";"Strojové učení 2";"5";"PO;V;";"P";"B;";"Z,ZK";"CS"
"6580006";"BI-LA2.21";"Lineární algebra 2";"5";"PO;";"P";"B;";"Z,ZK";"CS"
"6577006";"BI-ML1.21";"Strojové učení 1";"5";"PO;V;";"P";"B;";"Z,ZK";"CS"
"6671106";"BIE-ML2.21";"Machine Learning 2";"5";"PO;V;";"P";"B;";"Z,ZK";"EN"
"6535606";"BI-MA1.21";"Matematická analýza 1";"5";"P;";"P";"B;";"Z,ZK";"CS"
"6539506";"BI-MA2.21";"Matematická analýza 2";"6";"P;";"P";"B;";"Z,ZK";"CS"
"6539706";"BIK-LA1.21";"Lineární algebra 1";"5";"P;";"K";"B;";"Z,ZK";"CS"
"1124106";"BI-ZDM";"Základy diskrétní matematiky";"5";"P";"P";"B";"Z,ZK";"CS"
"1446506";"BIE-LIN";"Linear Algebra";"7";"P";"";"B";"Z,ZK";"EN"
"1450306";"BIE-ZMA";"Elements of Calculus";"6";"P";"";"B";"Z,ZK";"EN"
"1442206";"BIK-LIN";"Lineární algebra";"7";"P";"K";"B";"Z,ZK";"CS"
"1121306";"BI-MLO";"Matematická logika";"5";"P";"P";"B";"Z,ZK";"CS"
"1121206";"BI-LIN";"Lineární algebra";"7";"P";"P";"B";"Z,ZK";"CS"
"6540306";"BIE-MA1.21";"Mathematical Analysis 1";"5";"P;";"P";"B;";"Z,ZK";"EN"
"6540206";"BIE-LA1.21";"Linear Algebra 1";"5";"P;";"P";"B;";"Z,ZK";"EN"
"6539806";"BIK-MA1.21";"Matematická analýza 1";"5";"P;";"K";"B;";"Z,ZK";"CS"
"6615906";"BI-LOG.21";"Matematická logika";"5";"PO;";"P";"B;";"Z,ZK";"CS"
"6167106";"NI-MSI";"Matematické struktury v informatice";"4";"V;";"P";"M;";"Z,ZK";"CS"
"1446806";"BIE-MLO";"Mathematical Logic";"5";"P";"";"B";"Z,ZK";"EN"
"1450206";"BIE-ZDM";"Elements of Discrete Mathematics";"5";"P";"";"B";"Z,ZK";"EN"
"1444106";"BIK-ZDM";"Základy diskrétní matematiky";"5";"P";"K";"B";"Z,ZK";"CS"
"6281606";"NI-TKA";"Teorie kategorií";"4";"V;";"P";"B;M;";"Z,ZK";"CS"
"6539906";"BIK-MA2.21";"Matematická analýza 2";"6";"P;";"K";"B;";"Z,ZK";"CS"
"6540406";"BIE-MA2.21";"Mathematical Analysis 2";"6";"P;";"P";"B;";"Z,ZK";"EN"
"6579406";"BIE-LA2.21";"Linear Algebra 2";"5";"PO;";"P";"B;";"Z,ZK";"EN"
"6809806";"BI-QAP";"Kvantové algoritmy a programování";"5";"V;";"P";"B;M;";"KZ";"CS"
"6539606";"BIK-DML.21";"Diskrétní matematika a logika";"5";"P;";"K";"B;";"Z,ZK";"CS"
"6627406";"BIE-LOG.21";"Mathematical Logic";"5";"PO;";"P";"B;";"Z,ZK";"EN"
"1444206";"BIK-ZMA";"Základy matematické analýzy";"6";"P";"K";"B";"Z,ZK";"CS"
"6297806";"NI-SZ2";"Seminář znalostního inženýrství magisterský II";"4";"V;";"P";"M;";"Z";"CS"
"6297706";"NI-SZ1";"Seminář znalostního inženýrství magisterský I";"4";"V;";"P";"M;";"Z";"CS"
"6700206";"NIE-MVI";"Computational Intelligence Methods";"5";"V;";"P";"M";"Z,ZK";"EN"
"6613906";"BI-JUL.21";"Programování v jazyku Julia";"5";"PV;";"P";"B;";"KZ";"CS"
"6623906";"NIE-MPI";"Mathematics for Informatics";"7";"P";"P";"M";"Z,ZK";"EN"
"6533606";"BI-DML.21";"Diskrétní matematika a logika";"5";"P;";"P";"B;";"Z,ZK";"CS"
"6540106";"BIE-DML.21";"Discrete Mathematics and Logic";"5";"P;";"P";"B;";"Z,ZK";"EN"
"6085606";"NI-SCR";"Statistická analýza časových řad";"5";"PO;";"P";"M;";"Z,ZK";"CS"
"1122506";"BI-EFA";"Efektivní algoritmy";"5";"PO";"P";"B";"Z,ZK";"CS"
"6768306";"NIE-ROZ";"Rozpoznávaní";"5";"V;";"P";"M";"Z,ZK";"CS"
"6770706";"NIE-GAK";"Graph theory and combinatorics";"5";"P;";"P";"M;";"Z,ZK";"EN"
"6770806";"NIE-NON";"Nelineární optimalizace a numerické metody";"5";"PO";"P";"M";"Z,ZK";"CS"
"5768406";"BI-ICS.18";"Introduction to Computer Science";"3";"V;";"P";"B;";"Z";"EN"
"1337306";"AKCE";"Fiktivní předmět - Akce mimo rozvrhovanou výuku";"0";"";"";"";"NIC";""
"2677206";"MI-TS1";"Teoretický seminář magisterský I";"4";"V;";"P";"M;";"Z";""
"2677106";"MI-TS4";"Teoretický seminář magisterský IV";"4";"V;";"P";"M;";"Z";""
"1601206";"PI-ERA";"Exaktní reálná aritmetika";"4";"";"";"D";"ZK";""
"4642906";"MI-KOD.2";"Komprese dat";"5";"PO";"P";"M";"Z,ZK";"CS"
"1617106";"PIK-ERA";"Exaktní reálná aritmetika";"4";"PO";"K";"D";"ZK";""
"1616806";"PIK-ARB";"Arbologie";"4";"PO";"K";"D";"ZK";""
"1616906";"PIK-ASP";"Architektura symbolických počítaču";"4";"PO";"K";"D";"ZK";""
"1617506";"PIK-NSV";"Neuronové sítě a výpočetní inteligence";"4";"PO";"K";"D";"ZK";""
"1618106";"PIK-STR";"Stringologie";"4";"PO";"K";"D";"ZK";""
"1616606";"PIK-AKD";"Algoritmy komprese dat";"4";"PO";"K";"D";"ZK";""
"1617806";"PIK-ROZ";"Pokročilé rozpoznávání";"4";"PO";"K";"D";"ZK";""
"1618206";"PIK-TGR";"Teorie grafů";"4";"PO";"K";"D";"ZK";""
"1600606";"PI-AKD";"Algoritmy komprese dat";"4";"";"";"D";"ZK";""
"1602206";"PI-TGR";"Teorie grafů";"4";"";"";"D";"ZK";""
"1601006";"PI-ASP";"Architektura symbolických počítačů";"4";"";"";"D";"ZK";""
"1602106";"PI-STR";"Stringologie";"4";"";"";"D";"ZK";""
"1601906";"PI-ROZ";"Pokročilé rozpoznávání";"4";"P;";"";"D";"ZK";""
"5083406";"PI-APA";"Advanced Program Analysis";"4";"V;";"";"D;";"ZK";"EN"
"5083306";"PI-TPL";"Type Systems for Programming Languages";"4";"V;";"";"D;";"ZK";"EN"
"1436106";"MIE-KOD";"Data Compression";"4";"PO";"P";"M";"Z,ZK";"EN"
"4655106";"MI-GEN.16";"Generování kódu";"5";"PO";"P";"M";"Z,ZK";"CS"
"1444406";"BIK-PA1";"Programování a algoritmizace 1";"6";"P";"K";"B";"Z,ZK";"CS"
"2677306";"MI-TS2";"Teoretický seminář magisterský II";"4";"V;";"P";"M;";"Z";""
"1447006";"BIE-EIA";"Efficient Implementation of Algorithms";"5";"PO";"P";"B";"Z,ZK";"EN"
"4658206";"MIE-GEN.16";"Code Generators";"5";"PO";"P";"M";"Z,ZK";"EN"
"2677406";"MI-TS3";"Teoretický seminář magisterský III";"4";"V;";"P";"M;";"Z";""
"3469006";"BIK-AG1";"Algoritmy a grafy 1";"6";"P;";"K";"B;";"Z,ZK";"CS"
"1445406";"BIK-PJP";"Programovací jazyky a překladače";"5";"PO";"K";"B";"Z,ZK";"CS"
"1433906";"MI-CPX";"Teorie složitosti";"5";"PO";"P";"M";"Z,ZK";"CS"
"4656606";"MI-ROZ.16";"Rozpoznávaní";"5";"V;";"P";"M";"Z,ZK";"CS"
"4659206";"MIE-NON.16";"Nonlinear Continuous Optimization and Numerical Methods";"5";"PO";"P";"M";"Z,ZK";"EN"
"1122206";"BI-AAG";"Automaty a gramatiky";"6";"P";"P";"B";"Z,ZK";"CS"
"5736606";"PI-AVG";"Algoritmy výpočetní genomiky";"4";"V;";"";"D;";"ZK";""
"4657106";"MI-SYP.16";"Syntaktická analýza a překladače";"5";"PO";"P";"M";"Z,ZK";"CS"
"3458106";"BI-AG1";"Algoritmy a grafy 1";"6";"P;";"P";"B;";"Z,ZK";"CS"
"4656706";"MI-RUN.16";"Runtime systémy";"5";"PO";"P";"M";"Z,ZK";"CS"
"6164606";"NI-TS4";"Teoretický seminář magisterský IV";"4";"V;";"P";"M;";"Z";""
"6164306";"NI-TS1";"Teoretický seminář magisterský I";"4";"V;";"P";"M;";"Z";""
"6164406";"NI-TS2";"Teoretický seminář magisterský II";"4";"V;";"P";"M;";"Z";""
"6164506";"NI-TS3";"Teoretický seminář magisterský III";"4";"V;";"P";"M;";"Z";""
"5699806";"BI-ACM4";"Programovací praktika 4";"5";"V;";"P";"B;";"KZ";""
"2811706";"BI-ACM2";"Programovací praktika 2";"5";"V;";"P";"B;";"KZ";""
"3029706";"BI-ACM3";"Programovací praktika 3";"5";"V;";"P";"B;";"KZ";"CS"
"2226806";"BI-ACM";"Programovací praktika 1";"5";"V;";"P";"B;";"KZ";""
"5697206";"BI-ICS";"Introduction to Computer Science";"2";"V;";"P";"B;";"Z";"EN"
"2676806";"BI-TS2";"Teoretický seminář II";"4";"V;";"P";"B;";"Z";"CS"
"4656206";"MI-PAL.16";"Pokročilá algoritmizace";"5";"PO";"P";"M";"Z,ZK";"CS"
"1439606";"MIE-LOM";"Linear Optimization and Methods";"4";"PO";"P";"M";"Z,ZK";"EN"
"1449906";"BIE-GRA";"Graph Algorithms and Complexity Theory";"5";"V;";"P";"B";"Z,ZK";"EN"
"1431006";"MI-GEN";"Generování kódu";"4";"PO";"P";"M";"Z,ZK";"CS"
"1121906";"BI-TED";"Tvorba elektronické dokumentace";"5";"P";"P";"B";"KZ";"CS"
"1442606";"BIK-GRA";"Grafové algoritmy a základy teorie složitosti";"5";"PO";"K";"B";"Z,ZK";"CS"
"1443406";"BIK-TED";"Tvorba elektronické dokumentace";"5";"P";"K";"B";"KZ";"CS"
"1444506";"BIK-AAG";"Automaty a gramatiky";"6";"P";"K";"B";"Z,ZK";"CS"
"1445106";"BIK-EIA";"Efektivní implementace algoritmů";"5";"PO";"K";"B";"Z,ZK";"CS"
"2677006";"BI-TS3";"Teoretický seminář III";"4";"V;";"P";"B;";"Z";"CS"
"1444006";"BIK-PA2";"Programování a algoritmizace 2";"7";"P";"K";"B";"Z,ZK";"CS"
"1436706";"MIE-SYP";"Parsing and Compilers";"4";"PO";"P";"M";"Z,ZK";"EN"
"1445006";"BIK-EFA";"Efektivní algoritmy";"5";"PO";"K";"B";"Z,ZK";"CS"
"1122706";"BI-GRA";"Grafové algoritmy a základy teorie složitosti";"5";"PO";"P";"B";"Z,ZK";"CS"
"4655206";"MI-KOD.16";"Komprese dat";"5";"PO";"P";"M";"Z,ZK";"CS"
"2676706";"BI-TS1";"Teoretický seminář I";"4";"V;";"P";"B;";"Z";"CS"
"1807006";"MIE-TES.1";"Systems Theory";"3";"P";"P";"M";"Z,ZK";"EN"
"4655006";"MI-FLP.16";"Funkcionální a logické programování";"5";"PO";"P";"M";"Z,ZK";"CS"
"1430906";"MI-KOD";"Komprese dat";"4";"PO";"P";"M";"Z,ZK";"CS"
"4658306";"MIE-KOD.16";"Data Compression";"5";"PO";"";"M";"Z,ZK";"EN"
"1436206";"MIE-GEN";"Code Generators";"4";"PO";"P";"M";"Z,ZK";"EN"
"6120206";"NI-KOD";"Komprese dat";"5";"PO";"P";"M";"Z,ZK";"CS"
"1436006";"MIE-PAL";"Advanced Algorithms";"4";"PO";"P";"M";"Z,ZK";"EN"
"1121606";"BI-PA2";"Programování a algoritmizace 2";"7";"P";"P";"B";"Z,ZK";"CS"
"1433206";"MI-ROZ";"Rozpoznávaní";"4";"PO";"P";"M";"Z,ZK";"CS"
"1431506";"MI-SYP";"Syntaktická analýza a překladače";"4";"PO";"P";"M";"Z,ZK";"CS"
"1431906";"MI-FLP";"Funkcionální a logické programování";"4";"PO";"P";"M";"Z,ZK";"CS"
"1439906";"MIE-NON";"Nonlinear Continuous Optimization and Numerical Methods";"4";"PO";"P";"M";"Z,ZK";"EN"
"1124806";"BI-EIA";"Efektivní implementace algoritmů";"5";"PO";"P";"B";"Z,ZK";"CS"
"1430806";"MI-PAL";"Pokročilá algoritmizace";"4";"PO";"P";"M";"Z,ZK";"CS"
"1434406";"MI-LOM";"Lineární optimalizace a metody";"4";"PO";"P";"M";"Z,ZK";"CS"
"2676906";"BI-TS4";"Teoretický seminář IV";"4";"V;";"P";"B;";"Z";"CS"
"1437106";"MIE-FLP";"Functional and Logical Programming";"4";"P";"P";"M";"Z,ZK";"EN"
"1437906";"MIE-EVY";"Efficient Text Pattern Matching";"4";"PO";"P";"M";"Z,ZK";"EN"
"1438406";"MIE-ROZ";"Pattern Recognition";"4";"PO";"P";"M";"Z,ZK";"EN"
"1439106";"MIE-CPX";"Complexity Theory";"5";"PO";"P";"M";"Z,ZK";"EN"
"1440406";"MIE-RUN";"Runtime Systems";"4";"PO";"P";"M";"Z,ZK";"EN"
"1436606";"MIE-TES";"Systems Theory";"5";"P";"P";"M";"Z,ZK";"EN"
"4656106";"MI-NON.16";"Nelineární optimalizace a numerické metody";"5";"PO";"P";"M";"Z,ZK";"CS"
"4659806";"MIE-RUN.16";"Runtime Systems";"5";"PO";"P";"M";"Z,ZK";"EN"
"1450406";"BIE-AAG";"Automata and Grammars";"6";"P";"";"B";"Z,ZK";"EN"
"4659706";"MIE-ROZ.16";"Pattern Recognition";"5";"PO";"P";"M";"Z,ZK";"EN"
"4659306";"MIE-PAL.16";"Advanced Algorithms";"5";"PO";"P";"M";"Z,ZK";"EN"
"2961306";"MI-ATH";"Kombinatorická teorie her";"4";"V;";"P";"M;";"Z,ZK";""
"1432706";"MI-EVY";"Efektivní vyhledávání v textech";"4";"PO";"P";"M";"Z,ZK";"CS"
"6166506";"NI-PAM";"Efektivni předzpracování a parametrizované algoritmy";"4";"V;";"P";"M;";"Z,ZK";""
"4660206";"MIE-SYP.16";"Parsing and Compilers";"5";"PO";"";"M";"Z,ZK";"EN"
"2961406";"MI-PAM";"Efektivni předzpracování a parametrizované algoritmy";"4";"V;";"P";"M;";"Z,ZK";""
"6115506";"NI-SYP";"Syntaktická analýza a překladače";"5";"PO";"P";"M";"Z,ZK";"CS"
"6165506";"NI-ROZ";"Rozpoznávaní";"5";"V;";"P";"M";"Z,ZK";"CS"
"1468906";"BIE-EFA";"Efficient Algorithms";"5";"V;";"P";"B";"Z,ZK";"EN"
"1448606";"BIE-TED";"Electronic Documentation Design";"5";"P";"P";"B";"KZ";"EN"
"1447806";"BIE-PJP";"Programming Languages and Compilers";"5";"PO";"";"B";"Z,ZK";"EN"
"1434706";"MI-NON";"Nelineární optimalizace a numerické metody";"4";"PO";"P";"M";"Z,ZK";"CS"
"3464406";"BIE-AG2";"Algorithms and Graphs 2";"5";"PO;";"P";"B;";"Z,ZK";"EN"
"1435206";"MI-RUN";"Runtime systémy";"4";"PO";"P";"M";"Z,ZK";"CS"
"1431406";"MI-TES";"Teorie systémů";"5";"P";"P";"M";"Z,ZK";"CS"
"6158006";"NI-ATH";"Algoritmická teorie her";"4";"V;";"P";"M;";"Z,ZK";""
"4658106";"MIE-FLP.16";"Functional and Logical Programming";"5";"P";"P";"M";"Z,ZK";"EN"
"2358406";"BIK-ZUM";"Základy umělé inteligence";"4";"V;";"K";"B;";"Z,ZK";"CS"
"3464306";"BIE-AG1";"Algorithms and Graphs 1";"6";"P;";"";"B;";"Z,ZK";"EN"
"1447506";"BIE-PA2";"Programming and Algorithmics 2";"7";"P";"P";"B";"Z,ZK";"EN"
"6290706";"NI-KTH";"Kombinatorická teorie her";"4";"V;";"P";"M;";"Z,ZK";"CS"
"1477306";"BI-EP1";"Efektivní programování 1";"4";"V";"P";"B";"Z";"CS"
"1684706";"BI-EP2";"Efektivní programování 2";"4";"V";"P";"B";"KZ";"CS"
"3466506";"BIE-PPA";"Programming Paradigms";"5";"PO;";"P";"B;";"Z,ZK";"EN"
"1123106";"BI-PJP";"Programovací jazyky a překladače";"5";"PO";"P";"B";"Z,ZK";"CS"
"6114906";"NI-GEN";"Generování kódu";"5";"PO";"P";"M";"Z,ZK";"CS"
"1482006";"BI-PMA";"Programování v Mathematica";"4";"V";"P";"B";"Z,ZK";"CS"
"6114506";"NI-RUN";"Runtime systémy";"5";"PO";"P";"M";"Z,ZK";"EN"
"6082106";"NI-APR";"Vybrané metody analýzy programů";"5";"PO;";"P";"M;";"Z,ZK";"CS"
"4658006";"MIE-EVY.16";"Efficient Text Pattern Matching";"5";"PO";"";"M";"Z,ZK";"EN"
"6119906";"NI-EVY";"Efektivní vyhledávání v textech";"5";"PO";"P";"M";"Z,ZK";"CS"
"4654906";"MI-EVY.16";"Efektivní vyhledávání v textech";"5";"PO";"P";"M";"Z,ZK";"CS"
"6615806";"BI-OOP.21";"Object-Oriented Programming";"5";"PO;";"P";"B;";"Z,ZK";"CS"
"6546506";"BIE-AAG.21";"Automata and Grammars";"5";"P";"";"B";"Z,ZK";"EN"
"6546406";"BIK-AAG.21";"Automaty a gramatiky";"5";"P";"K";"B";"Z,ZK";"CS"
"6546306";"BI-AAG.21";"Automaty a gramatiky";"5";"P;";"P";"B";"Z,ZK";"CS"
"6546806";"BIE-AG1.21";"Algorithms and Graphs 1";"5";"P;";"P";"B;";"Z,ZK";"EN"
"6624306";"BIE-OOP.21";"Object-Oriented Programming";"5";"PO;";"P";"B;";"Z,ZK";"EN"
"6618206";"BIK-OOP.21";"Object-Oriented Programming";"5";"PO;";"K";"B;";"Z,ZK";"CS"
"6698806";"BIK-PA2.21";"Programování a algoritmizace 2";"7";"P";"K";"B";"Z,ZK";"CS"
"6699906";"NIE-EVY";"Efficient Text Pattern Matching";"5";"V;";"P";"M";"Z,ZK";"EN"
"6692006";"BI-PA2.21";"Programování a algoritmizace 2";"7";"P";"P";"B";"Z,ZK";"CS"
"6698506";"NIE-OSY";"Operating Systems and Systems Programming";"5";"PO;";"P";"M;";"Z,ZK";"CS"
"4688406";"MI-LCF";"Překladačový systém LLVM";"4";"V;";"P";"B;M;";"Z,ZK";"EN"
"3461206";"BI-PPA";"Programovací paradigmata";"5";"PO;";"P";"B;";"Z,ZK";"CS"
"4688506";"MIE-LCF";"Compiling system LLVM";"4";"V;";"P";"M;";"Z,ZK";""
"4654406";"MI-AVY.16";"Automaty ve vyhledávání v textech";"5";"PO";"P";"M";"Z,ZK";"CS"
"5523206";"MI-GAK";"Grafy a kombinatorika";"5";"P;";"P";"M;";"Z,ZK";"CS"
"6120006";"NI-GAK";"Grafy a kombinatorika";"5";"P;";"P";"M;";"Z,ZK";"CS"
"3471006";"BIK-PPA";"Programovací paradigmata";"5";"PO;";"K";"B;";"Z,ZK";"CS"
"3407206";"BI-TEX";"Typografie a TeX";"4";"V;";"P";"B;";"Z,ZK";"CS"
"3458206";"BI-AG2";"Algoritmy a grafy 2";"5";"PO;V;";"P";"B;";"Z,ZK";"CS"
"6699406";"NIE-KOD";"Data Compression";"5";"V;";"";"M";"Z,ZK";"EN"
"6546906";"BI-AG1.21";"Algoritmy a grafy 1";"5";"P;";"P";"B;";"Z,ZK";"CS"
"6290606";"NI-CPX";"Teorie složitosti";"5";"V;";"P";"M";"Z,ZK";"CS"
"6546606";"BIK-AG1.21";"Algoritmy a grafy 1";"5";"P;";"K";"B;";"Z,ZK";"CS"
"6705606";"BIE-AG2.21";"Algorithms and Graphs 2";"5";"PO;V;";"P";"B;";"Z,ZK";"EN"
"6706506";"BIE-PPA.21";"Programovací paradigmata";"5";"PO;";"P";"B;";"Z,ZK";"EN"
"6704306";"BI-AG2.21";"Algoritmy a grafy 2";"5";"PO;V;";"P";"B;";"Z,ZK";"CS"
"6704406";"BI-PJP.21";"Programovací jazyky a překladače";"5";"PO";"P";"B";"Z,ZK";"CS"
"6707006";"BIE-PJP.21";"Programming Languages and Compilers";"5";"PO";"P";"B";"Z,ZK";"EN"
"6698906";"BIE-PA2.21";"Programming and Algorithmics 2";"7";"P";"P";"B";"Z,ZK";"EN"
"6706606";"BIK-PPA.21";"Programovací paradigmata";"5";"PO;";"K";"B;";"Z,ZK";"CS"
"6120306";"NI-NON";"Nelineární optimalizace a numerické metody";"5";"PO";"P";"M";"Z,ZK";"CS"
"6704206";"BI-PPA.21";"Programovací paradigmata";"5";"PO;";"P";"B;";"Z,ZK";"CS"
"1600906";"PI-ARB";"Arbologie";"4";"";"";"D";"ZK";""
"1121506";"BI-PA1";"Programování a algoritmizace 1";"6";"P";"P";"B";"Z,ZK";"CS"
"1447406";"BIE-PA1";"Programming and Algorithmics 1";"6";"P";"P";"B";"Z,ZK";"EN"
"6082006";"NI-MPJ";"Modelování programovacích jazyků";"5";"PO;";"P";"M;";"Z,ZK";"EN"
"6700006";"NIE-SYP";"Parsing and Compilers";"5";"V;";"P";"M";"Z,ZK";"EN"
"1807106";"MI-TES.1";"Teorie systémů";"3";"P";"P";"M";"ZK";"CS"
"4657506";"MIE-AVY.16";"Automata in Text Pattern Matching";"5";"PO";"P";"M";"Z,ZK";"EN"
"4719106";"MIE-ADM.16";"Algoritmy data miningu";"5";"PZ;";"P";"M";"Z,ZK";"EN"
"4658606";"MIE-LOM.16";"Linear Optimization and Methods";"5";"PO";"P";"M";"Z,ZK";"EN"
"1438606";"MIE-AVY";"Automata in Text Pattern Matching";"4";"PO";"P";"M";"Z,ZK";"EN"
"1433406";"MI-AVY";"Automaty ve vyhledávání v textech";"4";"PO";"P";"M";"Z,ZK";"CS"
"6290306";"BI-AVI.21";"Algoritmy vizuálně";"4";"V;";"P";"B;";"Z,ZK";"CS"
"4655506";"MI-LOM.16";"Lineární optimalizace a metody";"5";"V;";"P";"M";"Z,ZK";"CS"
"6167306";"NI-LOM";"Lineární optimalizace a metody";"5";"V;";"P";"M";"Z,ZK";"CS"
"6533506";"BI-PA1.21";"Programování a algoritmizace 1";"7";"P;V;";"P";"B";"Z,ZK";"CS"
"6543706";"BIK-PA1.21";"Programování a algoritmizace 1";"7";"P";"K";"B";"Z,ZK";"CS"
"3470506";"BIK-OOP";"Objektově orientované programování";"4";"V;";"K";"B;";"Z,ZK";"CS"
"3465906";"BIE-OOP";"Object-Oriented Programming";"4";"V;";"";"B;";"Z,ZK";"EN"
"6540506";"BIE-PA1.21";"Programming and Algorithmics 1";"7";"P;V;";"P";"B";"Z,ZK";"EN"
"3317306";"BI-OOP";"Object-Oriented Programming";"4";"V;";"P";"B;";"Z,ZK";"EN"
"6609706";"BI-HAM";"Hardwarově akcelerované monitorování síťového provozu";"4";"V;";"P";"B;";"KZ";"CS"
"4658706";"MIE-MAS.16";"System Modeling and Analysis";"5";"PO";"P";"M";"Z,ZK";"EN"
"1437806";"MIE-MAS";"System Modeling and Analysis";"4";"PO";"P";"M";"Z,ZK";"EN"
"1432606";"MI-MAS";"Modelování a analýza systémů";"4";"PO";"P";"M";"Z,ZK";"CS"
"1433306";"MI-AAK";"Aritmetika a kódy";"4";"PO";"P";"M";"Z,ZK";"CS"
"1442906";"BIK-PNO";"Praktika v návrhu číslicových obvodů";"5";"PO";"K";"B";"KZ";"CS"
"1442706";"BIK-JPO";"Jednotky počítače";"5";"PO";"K";"B";"Z,ZK";"CS"
"1445806";"BIK-SRC";"Systémy reálného času";"4";"PO";"K";"B";"KZ";"CS"
"4655606";"MI-MAS.16";"Modelování a analýza systémů";"5";"PO";"P";"M";"Z,ZK";"CS"
"1618006";"PIK-SSM";"Semináre ze simulací";"4";"PO";"K";"D";"ZK";""
"1477806";"MI-SIM";"Simulace číslicových obvodů";"4";"V";"P";"M";"Z,ZK";"CS"
"1602006";"PI-SSM";"Semináre ze simulací";"4";"";"";"D";"ZK";""
"1617006";"PIK-DRO";"Diagnostika a rekonfigurace programovatelných obvodů";"4";"PO";"K";"D";"ZK";""
"1601106";"PI-DRO";"Diagnostika a rekonfigurace programovatelných obvodů";"4";"";"";"D";"ZK";""
"1617906";"PIK-SCN";"Semináře z číslicového návrhu";"4";"PO";"K";"D";"ZK";""
"1617706";"PIK-PSC";"Programovatelné obvody a SoC (systémy na čipu)";"4";"PO";"K";"D";"ZK";""
"2373706";"MI-RTS";"Real-time systémy";"4";"V";"P";"M;";"Z,ZK";"CS"
"1601806";"PI-PSC";"Programovatelné obvody a SoC (systémy na čipu)";"4";"";"";"D";"ZK";""
"4807306";"PI-EXA";"Experimentální algoritmika";"4";"P;";"";"D;";"ZK";"CS"
"4657206";"MI-TES.16";"Teorie systémů";"5";"PO;PZ;";"P";"M";"Z,ZK";"CS"
"4750306";"MI-SIM.16";"Simulace číslicových obvodů";"5";"V";"P";"M";"Z,ZK";"CS"
"4873506";"MI-ARI";"Počítačová aritmetika";"4";"V;";"P";"M;";"Z,ZK";"CS"
"1110806";"BI-CAO";"Číslicové a analogové obvody";"5";"P";"P";"B";"Z,ZK";"CS"
"1436506";"MIE-SOC";"Systems on Chip";"4";"PO";"P";"M";"Z,ZK";"EN"
"1438506";"MIE-AAK";"Arithmetics and Codes";"4";"PO";"P";"M";"Z,ZK";"EN"
"1444906";"BIK-CAO";"Číslicové a analogové obvody";"5";"P";"K";"B";"Z,ZK";"CS"
"1445606";"BIK-SAP";"Struktura a architektura počítačů";"6";"P";"K";"B";"Z,ZK";"CS"
"1443606";"BIK-TUR";"Tvorba uživatelského rozhraní";"4";"PO";"K";"B";"Z,ZK";"CS"
"2388906";"MIE-TES.2";"Systems Theory";"4";"P";"P";"M";"Z,ZK";"CS"
"2335806";"MI-TES.2";"Teorie systémů";"4";"P";"P";"M";"Z,ZK";"CS"
"1746806";"MIE-SIM";"Digital Circuit Simulation";"4";"PO;";"P";"";"Z,ZK";""
"4671306";"MI-BKO.16";"Bezpečnostní kódy";"5";"PO;";"P";"M;";"Z,ZK";"CS"
"5549206";"BI-SCE1";"Seminář počítačového inženýrství I";"4";"V;";"P";"B;";"Z";"CS"
"3477206";"MI-AAK.1";"Aritmetika a kódy";"5";"PO";"P";"M";"Z,ZK";"CS"
"4903206";"MIE-SIM.16";"Digital Circuit Simulation";"5";"PO;";"";"M;";"Z,ZK";""
"4660306";"MIE-TES.16";"Systems Theory";"5";"P";"";"M";"Z,ZK";"CS"
"5797506";"BI-SCE2";"Seminář počítačového inženýrství II";"4";"V;";"P";"B;";"Z";""
"5549306";"MI-SCE1";"Seminář počítačového inženýrství I";"4";"V;";"P";"M;";"Z";""
"1431306";"MI-SOC";"Systémy na čipu";"4";"PO";"P";"M";"Z,ZK";"CS"
"1432006";"MI-NFA";"Návrh obvodů technologií FPGA a ASIC";"4";"PO";"P";"M";"Z,ZK";"CS"
"1437306";"MIE-TSP";"Testing and Reliability";"4";"PO";"P";"M";"Z,ZK";"EN"
"1435706";"MI-BHW";"Bezpečnost a technické prostředky";"4";"PO";"P";"M";"Z,ZK";"CS"
"4675406";"MIE-OLI.16";"Linux Drivers";"5";"PO";"P";"M;";"Z,ZK";"EN"
"4657406";"MIE-AAK.16";"Arithmetics and Codes";"5";"PO";"P";"M";"Z,ZK";"EN"
"1437206";"MIE-NFA";"Design for the FPGA and ASIC Technology";"4";"PO";"P";"M";"Z,ZK";"EN"
"3477306";"MIE-AAK.1";"Arithmetics and Codes";"5";"PO";"P";"M";"Z,ZK";"EN"
"4719206";"MI-BHW.16";"Bezpečnost a technické prostředky";"5";"PO";"P";"M";"Z,ZK";"CS"
"4719406";"MIE-BHW.16";"Security and Hardware";"5";"PO";"";"M";"Z,ZK";"EN"
"1450006";"BIE-JPO";"Computer Units";"5";"PO";"";"B";"Z,ZK";"EN"
"5720906";"MI-SCE2";"Seminář počítačového inženýrství II";"4";"V;";"P";"M;";"Z";"CS"
"4659106";"MIE-NFA.16";"Design for the FPGA and ASIC Technology";"5";"PO";"";"M";"Z,ZK";"EN"
"6165106";"NI-SCE2";"Seminář počítačového inženýrství II";"4";"V;";"P";"M;";"Z";"CS"
"6157906";"NI-ARI";"Počítačová aritmetika";"4";"V;";"P";"M;";"Z,ZK";"CS"
"1448506";"BIE-SRC";"Real-time Systems";"4";"PO";"P";"B";"KZ";"EN"
"1449806";"BIE-CAO";"Digital and Analog Circuits";"5";"P";"";"B";"Z,ZK";"EN"
"1448906";"BIE-TUR";"User Interface Design";"4";"PO";"";"B";"Z,ZK";"EN"
"4723306";"BI-ARD";"Interaktivní aplikace s Arduinem";"4";"V;";"P";"B;";"KZ";"CS"
"4656906";"MI-SOC.16";"Systémy na čipu";"5";"PO";"P";"M";"Z,ZK";"CS"
"5523306";"MI-KOP";"Kombinatorická optimalizace";"5";"P;";"P";"M;";"Z,ZK";"CS"
"1125706";"BI-SRC";"Systémy reálného času";"4";"PO";"P";"B";"KZ";"CS"
"6323506";"PI-CFR";"Computer Assisted Formal Reasoning";"4";"V;";"P";"D;";"ZK";""
"1125206";"BI-PNO";"Praktika v návrhu číslicových obvodů";"5";"PO";"P";"B";"KZ";"CS"
"4675206";"MIE-BKO.16";"Error Control Codes";"5";"PO;";"";"M;";"Z,ZK";"EN"
"6285606";"NI-SCE1";"Seminář počítačového inženýrství I";"4";"V;";"P";"M;";"Z";""
"1121806";"BI-SAP";"Struktura a architektura počítačů";"6";"P";"P";"B";"Z,ZK";"CS"
"1446206";"BIE-PNO";"Practical Digital Design";"5";"PO";"P";"B";"KZ";"EN"
"1125906";"BI-TUR";"Tvorba uživatelského rozhraní";"4";"PO";"P";"B";"Z,ZK";"CS"
"2968106";"BI-ZIVS";"Základy inteligentních vestavných systémů";"4";"V;";"P";"B;";"KZ";"CS"
"2967806";"MI-IVS";"Inteligentní vestavné systémy";"4";"V;";"P";"M;";"KZ";""
"4731906";"MI-PVS";"Pokročilé vestavné systémy";"4";"V;";"P";"M;";"Z,ZK";"CS"
"4732306";"MI-OLI";"Ovladače pro Linux";"4";"V;";"P";"M;";"Z,ZK";"CS"
"6071606";"NI-ESW";"Vestavný software";"5";"PO;";"P";"M;";"Z,ZK";"CS"
"1448306";"BIE-SAP";"Computer Structures and Architectures";"6";"P";"";"B";"Z,ZK";"EN"
"6170306";"NI-IVS";"Inteligentní vestavné systémy";"4";"V;";"P";"M;";"KZ";""
"6166906";"NI-OLI";"Ovladače pro Linux";"4";"V;";"P";"M;";"Z,ZK";"CS"
"6165806";"NI-PVS";"Pokročilé vestavné systémy";"4";"V;";"P";"M;";"Z,ZK";"CS"
"6625106";"NIE-BVS";"Embedded Security";"5";"PO;";"P";"M;";"Z,ZK";"EN"
"3335206";"BIE-ZRS";"Basics of System Control";"4";"V";"";"B";"Z,ZK";"EN"
"1678606";"BI-ZRS";"Základy řízení systému";"4";"V";"P";"B";"Z,ZK";"CS"
"6071706";"NI-BVS";"Bezpečnost vestavných systémů";"5";"PO;";"P";"M;";"Z,ZK";"CS"
"1122806";"BI-JPO";"Jednotky počítače";"5";"PO";"P";"B";"Z,ZK";"CS"
"6099906";"NI-BKO";"Bezpečnostní kódy";"5";"PO;";"P";"M;";"Z,ZK";"CS"
"6115306";"NI-SIM";"Simulace a verifikace číslicových obvodů";"5";"PO;V;";"P";"M";"Z,ZK";"CS"
"1446706";"BIE-VES";"Embedded Systems";"5";"PO";"P";"B";"Z,ZK";"EN"
"1723406";"BI-MPP";"Metody připojování periferií";"4";"PO;V;";"P";"B";"Z,ZK";"CS"
"6625406";"NIE-SIM";"Digital Circuit Simulation and Verification";"5";"PO;V;";"P";"M";"Z,ZK";"EN"
"1123806";"BI-VES";"Vestavné systémy";"5";"PO";"P";"B";"Z,ZK";"CS"
"6625206";"NIE-EHW";"Embedded Hardware";"5";"PO;";"P";"M;";"Z,ZK";"EN"
"6625006";"NIE-BKO";"Error Control Codes";"5";"PO;";"P";"M;";"Z,ZK";"EN"
"1441806";"BIK-VES";"Vestavné systémy";"5";"PO";"K";"B";"Z,ZK";"CS"
"6583806";"BIE-SRC.21";"Real-time systems";"5";"PO";"P";"B";"Z,ZK";"CS"
"6541506";"BI-SAP.21";"Struktura a architektura počítačů";"5";"P;";"P";"B";"Z,ZK";"CS"
"6575806";"BI-SRC.21";"Systémy reálného času";"5";"PO";"P";"B";"Z,ZK";"CS"
"6580106";"BI-TUR.21";"Tvorba uživatelského rozhraní";"5";"PO";"P";"B";"Z,ZK";"CS"
"6543506";"BIK-SAP.21";"Struktura a architektura počítačů";"5";"P";"K";"B";"Z,ZK";"CS"
"6115606";"NI-TES";"Teorie systémů";"5";"PO;";"P";"M";"Z,ZK";"CS"
"6543606";"BIE-SAP.21";"Computer Structures and Architectures";"5";"P";"P";"B";"Z,ZK";"EN"
"6583906";"BIE-ZRS.21";"Basics of System Control";"5";"PO;";"P";"B";"Z,ZK";"EN"
"6575906";"BI-ZRS.21";"Základy řízení systémů";"5";"PO;V;";"P";"B";"Z,ZK";"CS"
"6535506";"BI-TZP.21";"Technologické základy počítačů";"5";"P;";"P";"B;";"Z,ZK";"CS"
"6540606";"BIE-TZP.21";"Technological Fundamentals of Computers";"5";"P;";"P";"B;";"Z,ZK";"EN"
"6625306";"NIE-ESW";"Embedded Software";"5";"PO;";"P";"M;";"Z,ZK";"EN"
"6579606";"BIE-MPP.21";"Methods of interfacing peripheral devices";"5";"PO;V;";"P";"B";"Z,ZK";"CS"
"6625506";"NIE-TES";"Systems Theory";"5";"PO;";"P";"M";"Z,ZK";"EN"
"6729706";"BIE-SCE1";"Computer Engineering Seminar I";"4";"V;";"P";"B;";"Z";"EN"
"6706806";"BIE-PNO.21";"Practical Digital Design";"5";"PO";"P";"B";"KZ";"EN"
"6729806";"BIE-SCE2";"Computer Engineering Seminar II";"4";"V;";"P";"B;";"Z";"EN"
"6730006";"NIE-SCE2";"Computer Engineering Seminar Master II";"4";"V;";"P";"M;";"Z";"EN"
"6729906";"NIE-SCE1";"Computer Engineering Seminar Master I";"4";"V;";"P";"M;";"Z";"EN"
"6706906";"BIE-VES.21";"Embedded Systems";"5";"PO";"P";"B";"Z,ZK";"EN"
"6704806";"BI-VES.21";"Vestavné systémy";"5";"PO";"P";"B";"Z,ZK";"CS"
"6540006";"BIK-TZP.21";"Technologické základy počítačů";"5";"P;";"K";"B;";"Z,ZK";"CS"
"6575706";"BI-MPP.21";"Metody připojování periferií";"5";"PO;V;";"P";"B";"Z,ZK";"CS"
"6704706";"BI-JPO.21";"Jednotky počítačů";"5";"PO";"P";"B";"Z,ZK";"CS"
"6704906";"BI-PNO.21";"Praktika v návrhu číslicových obvodů";"5";"PO";"P";"B";"KZ";"CS"
"1602506";"PI-SCN";"Semináře z číslicového návrhu";"4";"V;";"";"D;M;";"ZK";""
"4657306";"MI-TSP.16";"Testování a spolehlivost";"5";"PO";"P";"M";"Z,ZK";"CS"
"1432106";"MI-TSP";"Testování a spolehlivost";"4";"PO";"P";"M";"Z,ZK";"CS"
"4660006";"MIE-SOC.16";"Systems on Chip";"5";"PO";"";"M";"Z,ZK";"EN"
"1432506";"MI-PAA";"Problémy a algoritmy";"5";"PO";"P";"M";"Z,ZK";"CS"
"4656006";"MI-NFA.16";"Návrh obvodů technologií FPGA a ASIC";"5";"PO";"P";"M";"Z,ZK";"CS"
"4660406";"MIE-TSP.16";"Testing and Reliability";"5";"PO";"";"M";"Z,ZK";"EN"
"1437706";"MIE-PAA";"Problems and Algorithms";"5";"PO";"";"M";"Z,ZK";"EN"
"6115706";"NI-TSP";"Testování a spolehlivost";"5";"PO";"P";"M";"Z,ZK";"CS"
"6085706";"NI-KOP";"Kombinatorická optimalizace";"6";"P;";"P";"M;";"Z,ZK";"CS"
"6071506";"NI-EHW";"Vestavné hardwarové prostředky";"5";"PO;";"P";"M;";"Z,ZK";"CS"
"5240506";"MIE-ARI";"Computer Arithmetic";"4";"V;";"";"M;";"Z,ZK";"EN"
"6290406";"NI-HSC";"Hardwarové útoky postranními kanály";"4";"V;";"P";"M;";"Z,ZK";""
"6700106";"NIE-ARI";"Computer arithmetic";"4";"V;";"P";"M;";"Z,ZK";"EN"
"6706706";"BIE-JPO.21";"Computer Units";"5";"PO";"P";"B";"Z,ZK";"EN"
"6290506";"NIE-HSC";"Side-Channel Analysis in Hardware";"4";"V;";"P";"M;";"Z,ZK";"EN"
"6625606";"NIE-TSP";"Testing and Reliability";"5";"PO";"P";"M";"Z,ZK";"EN"
"6623806";"NIE-KOP";"Combinatorial Optimization";"6";"P;";"P";"M;";"Z,ZK";"EN"
"1123506";"BI-SKJ";"Skriptovací jazyky";"4";"PO";"P";"B";"Z,ZK";"CS"
"1434906";"MI-PAR";"Paralelní algoritmy a systémy";"6";"P";"P";"M";"Z,ZK";"CS"
"1440106";"MIE-PAR";"Parallel Algorithms and Systems";"6";"P";"P";"M";"Z,ZK";"EN"
"1450106";"BIE-SKJ";"Scripting Languages";"4";"PO";"P";"B";"Z,ZK";"EN"
"1802806";"MIE-PAR.1";"Parallel Algorithms and Systems";"8";"P";"P";"M";"Z,ZK";"EN"
"2823306";"MI-PPR.2";"Paralelní programování";"2";"P";"P";"M";"Z";"CS"
"2823206";"MI-PAR.2";"Paralelní algoritmy a systémy";"6";"P";"P";"M";"ZK";"CS"
"1911306";"R-ADW";"Administrace OS Windows rozvrhovaný";"";"";"P";"B";"Z,ZK";"CS"
"1912506";"R-PAR";"Paralelní algoritmy a systémy rozvrhovaný";"";"P";"P";"B";"Z,ZK";"CS"
"3135306";"BI-PS1";"Programování v shellu 1";"5";"P";"P";"B";"KZ";"CS"
"1124406";"BI-ADW";"Administrace OS Windows";"5";"PO";"P";"B";"Z,ZK";"CS"
"1450706";"BIE-APS";"Architectures of Computer Systems";"6";"PO";"P";"B";"Z,ZK";"EN"
"1617606";"PIK-PPA";"Pokročilé paralelní algoritmy";"4";"PO";"K";"D";"ZK";""
"1618306";"PIK-VAP";"Vyšší architektura počítačů";"4";"PO";"K";"D";"ZK";""
"1432406";"MI-KYB";"Kybernalita";"4";"P";"P";"M";"ZK";"CS"
"1450606";"BIE-ADW";"Windows Administration";"5";"PO";"P";"B";"Z,ZK";"EN"
"1450506";"BIE-ADU";"Unix Internals and Administration";"6";"PO";"";"B";"Z,ZK";"EN"
"1617406";"PIK-KP";"Komunikační protokoly";"4";"PO";"K";"D";"ZK";""
"1804806";"MI-PAR.1";"Paralelní algoritmy a systémy";"8";"P";"P";"M";"Z,ZK";"CS"
"2142806";"MI-SCA";"Mikroprocesory vestavěné do čipových karet, Efektivní implementace a útoky postranními kanály";"3";"V";"P";"M;";"KZ";""
"1601506";"PI-KP";"Komunikační protokoly";"4";"P;";"";"D";"ZK";""
"1602306";"PI-VAP";"Vyšší architektura počítačů";"4";"";"";"D";"ZK";""
"1601706";"PI-PPA";"Pokročilé paralelní algoritmy";"4";"PO";"";"D";"ZK";""
"6699706";"NIE-BPS";"Wireless Computer Networks";"4";"V;";"";"M";"Z,ZK";"EN"
"1435906";"MIE-PAP";"Parallel Computer Architectures";"4";"PO";"P";"M";"Z,ZK";"EN"
"2394906";"MI-MCS";"Vícejádrové systémy";"4";"V;";"P";"M;";"KZ";"CS"
"4654606";"MI-BPR.16";"Bezpečnost a bezpečné programování";"5";"PO";"P";"M";"Z,ZK";"CS"
"4654806";"MI-DSV.16";"Distribuované systémy a výpočty";"5";"PO";"P";"M";"Z,ZK";"CS"
"1447606";"BIE-ADS";"Network Administration";"5";"PO";"P";"B";"Z,ZK";"EN"
"2967306";"BI-UDZ";"Úvod do digitalizace zvuku";"2";"V;";"P";"B;";"ZK";"CS"
"1443306";"BIK-SKJ";"Skriptovací jazyky";"4";"PO";"K";"B";"Z,ZK";"CS"
"4559306";"BI-SM";"Shell Minimum";"2";"V;";"P";"B;";"Z";"CS"
"5719806";"MI-POS";"Pokročilé operační systémy";"3";"V;";"";"";"ZK";"CS"
"4655806";"MI-MTI.16";"Moderní technologie Internetu";"5";"PO";"P";"M";"Z,ZK";"CS"
"2468806";"FI-ST1";"Síťové technologie 1";"3";"V;";"P";"0;";"Z";""
"2564806";"FI-ST2";"Síťové technologie 2";"4";"V";"P";"0";"Z";""
"1124306";"BI-ADS";"Administrace sítí";"5";"PO";"P";"B";"Z,ZK";"CS"
"3458006";"BI-ADW.1";"Administrace OS Windows";"4";"PO;";"P";"B;";"Z,ZK";"CS"
"1124506";"BI-APS";"Architektury počítačových systémů";"6";"PO";"P";"B";"Z,ZK";"CS"
"5543806";"BI-OPT";"Úvod do optických sítí";"4";"V;";"P";"B;";"Z,ZK";"CS"
"1442006";"BIK-ADS";"Administrace sítí";"5";"PO";"K";"B";"Z,ZK";"CS"
"1445506";"BIK-PSI";"Počítačové sítě";"5";"P";"K";"B";"Z,ZK";"CS"
"1697806";"MI-RRI";"Řízení rizik v informatice";"3";"V";"P";"M";"ZK";"CS"
"2823406";"MIE-PPR.2";"Parallel  Programming";"2";"P";"P";"M";"Z";"EN"
"2823106";"MIE-PAR.2";"Parallel Algorithms and Systems";"6";"P";"P";"M";"ZK";"EN"
"2373806";"MI-MAI";"Multimedia a internet";"3";"V";"P";"M";"Z,ZK";"CS"
"1439306";"MIE-DSV";"Distributed Systems and Computing";"4";"PO";"P";"M";"Z,ZK";"EN"
"4979806";"BIK-STO";"Datová úložiště a systémy souborů";"4";"V;";"K";"B;";"Z,ZK";"CS"
"1443706";"BIK-ADW";"Administrace OS Windows";"5";"PO";"K";"B";"Z,ZK";"CS"
"1433606";"MI-BPR";"Bezpečnost a bezpečné programování";"4";"PO";"P";"M";"Z,ZK";"CS"
"1438806";"MIE-BPR";"Security and Secure Programming";"4";"PO";"P";"M";"Z,ZK";"EN"
"3468806";"BIK-ADU.1";"Administrace OS Unix";"5";"PO;";"K";"B;";"Z,ZK";"CS"
"3100406";"BI-ST2";"Síťové technologie 2";"3";"V";"P";"B;";"Z";""
"3464106";"BIE-ADU.1";"Unix Administration";"5";"PO;";"";"B;";"Z,ZK";"EN"
"1444306";"BIK-OSY";"Operační systémy";"5";"P";"K";"B";"Z,ZK";"CS"
"3161306";"BIK-PS1";"Programování v shellu 1";"5";"P";"K";"B";"KZ";"CS"
"3045806";"BI-ST4";"Síťové technologie 4";"3";"V;";"P";"0;";"Z";"CS"
"1434106";"MI-DSV";"Distribuované systémy a výpočty";"4";"PO";"P";"M";"Z,ZK";"CS"
"3045306";"BI-ST3";"Síťové technologie 3";"3";"V;";"P";"0;";"Z";""
"3100506";"BI-ST1";"Síťové technologie 1";"3";"V;";"P";"B;";"Z";""
"4658906";"MIE-MTI.16";"Modern Internet Technologies";"5";"PO";"";"M";"Z,ZK";"EN"
"1430706";"MI-PAP";"Paralelní architektury počítačů";"4";"PO";"P";"M";"Z,ZK";"CS"
"1431106";"MI-POA";"Pokročilé architektury počítačových systémů";"4";"PZ";"P";"M";"Z,ZK";"CS"
"1432206";"MI-MTI";"Moderní technologie Internetu";"4";"PO";"P";"M";"Z,ZK";"CS"
"1437406";"MIE-MTI";"Modern Internet Technologies";"4";"PO";"P";"M";"Z,ZK";"EN"
"2006806";"MI-PRC";"Programování v CUDA";"4";"V;";"P";"M;";"Z,ZK";"CS"
"3468906";"BIK-ADW.1";"Administrace OS Windows";"4";"PO;";"K";"B;";"Z,ZK";"CS"
"4656306";"MI-PAP.16";"Paralelní architektury počítačů";"5";"PO";"P";"M";"Z,ZK";"CS"
"3046206";"BI-SOJ";"Strojově orientované jazyky";"4";"V;";"P";"B;M;";"Z,ZK";"CS"
"1436306";"MIE-POA";"Advanced Computer System Architectures";"4";"PO";"P";"M";"Z,ZK";"EN"
"4659406";"MIE-PAP.16";"Parallel Computer Architectures";"5";"PO";"";"M";"Z,ZK";"EN"
"3161206";"BIE-PS1";"Programming in Shell 1";"5";"P";"";"B";"KZ";"EN"
"4659606";"MIE-POA.16";"Advanced Computer System Architectures";"5";"PO";"";"M";"Z,ZK";"EN"
"4559406";"BI-STO";"Datová úložiště a systémy souborů";"4";"V;";"P";"B;";"Z,ZK";"CS"
"3505206";"MI-IOT";"Internet of Things";"4";"V";"P";"M";"Z,ZK";"CS"
"4656506";"MI-POA.16";"Pokročilé architektury počítačových systémů";"5";"PZ";"P";"M";"Z,ZK";"CS"
"1433706";"MI-BPS";"Bezdrátové počítačové sítě";"4";"PO;";"P";"M";"Z,ZK";"CS"
"6170506";"NI-IOT";"Internet of Things";"4";"V";"P";"M";"Z,ZK";"CS"
"6161606";"NI-BPS";"Bezdrátové počítačové sítě";"4";"V;";"P";"M";"Z,ZK";"CS"
"3464206";"BIE-ADW.1";"Windows Administration";"4";"PO;";"";"B;";"Z,ZK";"CS"
"1446306";"BIE-PSI";"Computer Networks";"5";"P";"";"B";"Z,ZK";"EN"
"4461206";"BIE-ST1";"Network Technology 1";"3";"V;";"";"B;";"Z";"EN"
"4559206";"BI-ULI";"Úvod do Linuxu";"2";"V;";"";"B;";"Z";""
"5681306";"PI-ADH";"Algoritmy a datové struktury pro HPC";"4";"";"";"D;";"ZK";"CS"
"1438906";"MIE-BPS";"Wireless Computer Networks";"4";"V;";"";"M";"Z,ZK";"EN"
"1443806";"BIK-UOS";"Úvod do operačních systémů";"5";"P";"K";"B";"KZ";"CS"
"1449006";"BIE-UOS";"Introduction to Operating Systems";"5";"P";"P";"B";"KZ";"EN"
"1122006";"BI-UOS";"Úvod do operačních systémů";"5";"P";"P";"B";"KZ";"CS"
"6111506";"NI-MTI";"Moderní technologie Internetu";"5";"PO";"P";"M";"Z,ZK";"CS"
"6069506";"NI-IAM";"Internet a multimédia";"4";"V;";"P";"M;";"Z,ZK";"CS"
"3457906";"BI-ADU.1";"Administrace OS Unix";"5";"PO;";"P";"B;";"Z,ZK";"CS"
"6072006";"NI-GPU";"Programování a architektury grafických procesorů";"5";"PO;";"P";"M;";"Z,ZK";"CS"
"6628706";"NIE-GPU";"GPU Architectures and Programming";"5";"PO;";"P";"M;";"Z,ZK";"EN"
"6628906";"NIE-MTI";"Modern Internet Technologies";"5";"PO";"P";"M";"Z,ZK";"EN"
"6630006";"NIE-DSV";"Distributed Systems and Computing";"5";"PO";"P";"M";"Z,ZK";"EN"
"6674506";"BIK-IOT.21";"Internet věcí";"5";"PO;";"K";"B;";"Z,ZK";"CS"
"6617706";"BI-VDC.21";"Virtualizace a datová centra";"5";"PO;";"P";"B;";"Z,ZK";"CS"
"6670206";"BIE-VDC.21";"Virtualization and Data Centers";"5";"PO;";"P";"B;";"Z,ZK";"EN"
"6674906";"BIK-VDC.21";"Virtualizace a datová centra";"5";"PO;";"K";"B;";"Z,ZK";"CS"
"6670806";"BIE-IOT.21";"Internet of Things";"5";"PO;";"P";"B;";"Z,ZK";"EN"
"6684606";"BIK-UOS.21";"Unixové operační systémy";"5";"P";"K";"B";"KZ";"CS"
"6576506";"BI-IOT.21";"Internet věcí";"5";"PO;";"P";"B;";"Z,ZK";"CS"
"6705506";"BIE-ADU.21";"Unix Administration";"5";"PO;";"P";"B;";"Z,ZK";"EN"
"6704606";"BI-ADU.21";"Administrace OS Unix";"5";"PO;";"P";"B;";"Z,ZK";"CS"
"6684806";"BI-UOS.21";"Unixové operační systémy";"5";"P";"P";"B";"KZ";"CS"
"6701806";"BIE-APS.21";"Architectures of Computer Systems";"5";"PO;";"P";"B;";"Z,ZK";"EN"
"6699006";"BIK-PSI.21";"Počítačové sítě";"5";"P";"K";"B";"Z,ZK";"CS"
"6699106";"BIE-PSI.21";"Computer Networks";"5";"P";"P";"B";"Z,ZK";"EN"
"6692406";"BI-PSI.21";"Počítačové sítě";"5";"P";"P";"B";"Z,ZK";"CS"
"6705206";"BIK-ADU.21";"Administrace OS Unix";"5";"PO;";"K";"B;";"Z,ZK";"CS"
"6701706";"BIK-APS.21";"Architektury počítačových systémů";"5";"PO;";"K";"B;";"Z,ZK";"CS"
"6684706";"BIE-UOS.21";"Unix-like Operating Systems";"5";"P";"P";"B";"KZ";"EN"
"6290806";"BI-MIT";"Mikrotik technologie";"3";"V;";"P";"B;";"KZ";"CS"
"5719906";"MIE-POS";"Advanced operating systems";"3";"";"P";"";"ZK";"EN"
"4672706";"BIK-PS2";"Programování v shellu 2";"4";"PO";"K";"B";"Z,ZK";"CS"
"4643006";"MI-PDP.16";"Paralelní a distribuované programování";"5";"P;";"P";"M;";"Z,ZK";"CS"
"4661606";"MIE-PDP.16";"Parallel and Distributed Programming";"5";"P;";"";"M;";"Z,ZK";"CS"
"1447306";"BIE-OSY";"Operating Systems";"5";"P";"";"B";"Z,ZK";"EN"
"3464506";"BIE-APS.1";"Architectures of Computer Systems";"5";"PO;";"";"B;";"Z,ZK";"EN"
"3469206";"BIK-APS.1";"Architektury počítačových systémů";"5";"PO;";"K";"B;";"Z,ZK";"CS"
"3458406";"BI-APS.1";"Architektury počítačových systémů";"5";"PO;";"P";"B;";"Z,ZK";"CS"
"1121406";"BI-OSY";"Operační systémy";"5";"P";"P";"B";"Z,ZK";"CS"
"6670906";"BIE-SIP.21";"Network Programming";"5";"PO;V;";"P";"B;";"Z";"EN"
"6624106";"NIE-PDP";"Parallel and Distributed Programming";"6";"P;";"P";"M;";"Z,ZK";"EN"
"6576806";"BI-MSI.21";"Mobilní sítě";"5";"PO;V;";"P";"B;";"Z,ZK";"CS"
"1123206";"BI-PSI";"Počítačové sítě";"5";"P";"P";"B";"Z,ZK";"CS"
"6670106";"BIE-VPS.21";"Selected Topics in Computer Networking";"5";"PO;";"P";"B;";"Z,ZK";"EN"
"6670706";"BIE-SPS.21";"Administration of Computer Networks and Services";"5";"PO;V;";"P";"B;";"Z,ZK";"EN"
"6698406";"BIE-OSY.21";"Operating Systems";"5";"P";"P";"B";"Z,ZK";"EN"
"6671006";"BIE-MSI.21";"Mobile Networks";"5";"PO;V;";"P";"B;";"Z,ZK";"EN"
"6674706";"BIK-SPS.21";"Správa sítí a služeb";"5";"PO;V;";"K";"B;";"Z,ZK";"CS"
"6072106";"NI-MCC";"Výpočty na vícejádrových procesorech";"5";"PO;";"P";"M;";"Z,ZK";"CS"
"6629006";"NIE-VCC";"Virtualization and Cloud Computing";"5";"PO;";"P";"M;";"Z,ZK";"EN"
"6071906";"NI-VCC";"Virtualizace a cloud computing";"5";"PO;";"P";"M;";"Z,ZK";"CS"
"6674806";"BIK-TPS.21";"Technologie počítačových sítí";"5";"PO;V;";"K";"B;";"Z,ZK";"CS"
"6669806";"BIE-TPS.21";"Computer Networks Technologies";"5";"PO";"P";"B;";"Z,ZK";"EN"
"6692306";"BI-OSY.21";"Operační systémy";"5";"P";"P";"B";"Z,ZK";"CS"
"6576706";"BI-SPS.21";"Správa sítí a služeb";"5";"PO;V;";"P";"B;";"Z,ZK";"CS"
"6576606";"BI-SIP.21";"Síťové programování";"5";"PO;V;";"P";"B;";"Z";"CS"
"6576106";"BI-TPS.21";"Technologie počítačových sítí";"5";"PO;V;";"P";"B;";"Z,ZK";"CS"
"6576406";"BI-VPS.21";"Vybrané partie z počítačových sítí";"5";"PO;V;";"";"B;";"Z,ZK";"CS"
"6674606";"BIK-SIP.21";"Síťové programování";"5";"PO;V;";"K";"B;";"Z";"CS"
"6675206";"BIK-MSI.21";"Mobilní sítě";"5";"PO;V;";"K";"B;";"Z,ZK";"CS"
"6675006";"BIK-VPS.21";"Vybrané partie z počítačových sítí";"5";"PO;V;";"K";"B;";"Z,ZK";"CS"
"6700506";"BI-APS.21";"Architektury počítačových systémů";"5";"PO;";"P";"B;";"Z,ZK";"CS"
"6698306";"BIK-OSY.21";"Operační systémy";"5";"P";"K";"B";"Z,ZK";"CS"
"4657706";"MIE-BPR.16";"Security and Secure Programming";"5";"PO";"P";"M";"Z,ZK";"EN"
"1122306";"BI-ADU";"Administrace OS Unix";"6";"PO";"P";"B";"Z,ZK";"CS"
"1444706";"BIK-APS";"Architektury počítačových systémů";"6";"PO";"K";"B";"Z,ZK";"CS"
"1444606";"BIK-ADU";"Administrace OS Unix";"6";"PO";"K";"B";"Z,ZK";"CS"
"6071806";"NI-EPC";"Efektivní programování v C++";"5";"PO;";"P";"M;";"Z,ZK";"CS"
"6099506";"NI-PDP";"Paralelní a distribuované programování";"6";"P;";"P";"M;";"Z,ZK";"CS"
"6111606";"NI-DSV";"Distribuované systémy a výpočty";"5";"PO";"P";"M";"Z,ZK";"CS"
"6628806";"NIE-MCC";"Multicore CPU Computing";"5";"PO;";"P";"M;";"Z,ZK";"EN"
"6628506";"NIE-EPC";"Effective C++ programming";"5";"PO;";"";"M;";"Z,ZK";"EN"
"4657906";"MIE-DSV.16";"Distributed Systems and Computing";"5";"V;";"";"M";"Z,ZK";"EN"
"6082206";"NI-OSY";"Operační systémy a systémové programování";"5";"PO;";"P";"M;";"Z,ZK";"CS"
"4672806";"BIE-PS2";"Programming in shell 2";"4";"V;";"";"B";"Z,ZK";"EN"
"4672506";"BI-PS2";"Programování v shellu 2";"4";"PO";"P";"B";"Z,ZK";"CS"
"1435406";"MI-SYB";"Systémová bezpečnost";"4";"PO";"P";"M";"Z,ZK";"CS"
"1440906";"MIE-BHW";"Security and Hardware";"4";"PO";"P";"M";"Z,ZK";"EN"
"1616706";"PIK-ANM";"Aplikovaná numerická matematika";"4";"PO";"K";"D";"ZK";""
"1617306";"PIK-KIK";"Kvantová informace a kryptografie";"4";"PO";"K";"D";"ZK";""
"1601406";"PI-KIK";"Kvantová informace a kryptografie";"4";"P;";"";"D";"ZK";""
"5681406";"PI-ESC";"Vestavná bezpečnost";"4";"V;";"";"D;";"ZK";""
"2671406";"MIE-MKY";"Mathematics for Cryptology";"4";"PO;V;";"P";"M;";"Z,ZK";"EN"
"1440606";"MIE-SYB";"System Security";"4";"PO";"P";"M";"Z,ZK";"EN"
"4655306";"MI-KRY.16";"Pokročilá kryptologie";"5";"PO";"P";"M";"Z,ZK";"CS"
"6117606";"NI-HWB";"Hardwarová bezpečnost";"5";"PO;";"P";"M;";"Z,ZK";"CS"
"6055506";"NI-SBF";"Systémová bezpečnost a forenzní analýza";"5";"PO;";"P";"M;";"Z,ZK";"CS"
"1435806";"MI-IBE";"Informační bezpečnost";"2";"P";"P";"M";"ZK";"CS"
"1800806";"MIE-KYB.1";"Cybernality";"3";"P";"P";"M";"ZK";"EN"
"1492306";"MI-SIB";"Síťová bezpečnost";"4";"PO";"P";"M";"Z,ZK";"CS"
"4658506";"MIE-KYB.16";"Cybernality";"5";"P";"P";"M";"ZK";"EN"
"1495206";"MIE-SIB";"Network Security";"4";"PO";"P";"M";"Z,ZK";"EN"
"1432306";"MI-KRY";"Pokročilá kryptologie";"4";"PO";"P";"M";"Z,ZK";"CS"
"3472106";"BIK-SSB";"Systémová a síťová bezpečnost";"5";"PO;";"K";"B;";"Z,ZK";"CS"
"2358806";"MI-MKY";"Matematika pro kryptologii";"4";"PO;V;";"P";"M;";"Z,ZK";"CS"
"3046106";"MI-REV";"Reverzní inženýrství";"3";"V;";"P";"M;";"Z,ZK";"CS"
"3469406";"BIK-BEK";"Bezpečný kód";"5";"P;";"K";"B;";"Z,ZK";"CS"
"4660106";"MIE-SYB.16";"System Security";"5";"PO";"";"M";"Z,ZK";"EN"
"1442306";"BIK-BEZ";"Bezpečnost";"6";"P";"K";"B";"Z,ZK";"CS"
"4658406";"MIE-KRY.16";"Advanced Cryptology";"5";"PO";"";"M";"Z,ZK";"EN"
"4655406";"MI-KYB.16";"Kybernalita";"5";"P";"P";"M";"ZK";"CS"
"1437606";"MIE-KYB";"Cybernality";"4";"P";"P";"M";"ZK";"EN"
"1437506";"MIE-KRY";"Advanced Cryptology";"4";"PO";"P";"M";"Z,ZK";"EN"
"1800906";"MI-KYB.1";"Kybernalita";"3";"P";"P";"M";"ZK";"CS"
"4659906";"MIE-SIB.16";"Network Security";"5";"PO";"";"M";"Z,ZK";"EN"
"6117506";"NI-KRY";"Pokročilá kryptologie";"5";"PO";"P";"M";"Z,ZK";"CS"
"4672306";"MI-REV.16";"Reverzní inženýrství";"5";"V;";"P";"M;";"Z,ZK";"CS"
"4655706";"MI-MKY.16";"Matematika pro kryptologii";"5";"PO;V;";"P";"M;";"Z,ZK";"CS"
"4656806";"MI-SIB.16";"Síťová bezpečnost";"5";"PO";"P";"M";"Z,ZK";"CS"
"3462506";"BI-SSB";"Systémová a síťová bezpečnost";"5";"PO;";"P";"B;";"Z,ZK";"CS"
"4671406";"MI-HWB.16";"Hardwarová bezpečnost";"5";"PO;";"P";"M;";"Z,ZK";"CS"
"6115206";"NI-SIB";"Síťová bezpečnost";"5";"PO";"P";"M";"Z,ZK";"CS"
"3467606";"BIE-SSB";"System and Network Security";"5";"PO;";"P";"B;";"Z,ZK";"EN"
"1124706";"BI-BEZ";"Bezpečnost";"6";"P";"P";"B";"Z,ZK";"CS"
"4658806";"MIE-MKY.16";"Mathematics for Cryptology";"5";"PO;V;";"";"M;";"Z,ZK";"EN"
"1450806";"BIE-BEZ";"Security";"6";"P";"";"B";"Z,ZK";"EN"
"4657006";"MI-SYB.16";"Systémová bezpečnost";"5";"PO";"P";"M";"Z,ZK";"CS"
"3465506";"BIE-HWB";"Hardware Security";"5";"PO;";"";"B;";"Z,ZK";"EN"
"4703606";"MIE-REV.16";"Reverse Engineering";"5";"PO;";"";"M;";"Z,ZK";"EN"
"3470106";"BIK-HWB";"Hardwarová bezpečnost";"5";"PO;";"K";"B;";"Z,ZK";"CS"
"5083506";"BI-EHA";"Etické hackování";"5";"V";"P";"B";"Z,ZK";"CS"
"3458606";"BI-BEK";"Bezpečný kód";"5";"P;";"P";"B;";"Z,ZK";"CS"
"6114106";"NI-REV";"Reverzní inženýrství";"5";"PO;V;";"P";"M;";"Z,ZK";"CS"
"1441006";"MIE-IBE";"Information Security";"2";"P;V;";"";"M";"ZK";"EN"
"3464706";"BIE-BEK";"Secure Code";"5";"P;";"P";"B;";"Z,ZK";"EN"
"6119806";"NI-MKY";"Matematika pro kryptologii";"5";"PO;V;";"P";"M;";"Z,ZK";"CS"
"6173506";"NI-IBE";"Informační bezpečnost";"2";"V;";"P";"M";"ZK";"CS"
"6055606";"NI-AIB";"Algoritmy informační bezpečnosti";"5";"PO;";"P";"M;";"Z,ZK";"CS"
"6625906";"NIE-HWB";"Hardware Security";"5";"PO;";"P";"M;";"Z,ZK";"EN"
"6626206";"NIE-REV";"Reverse Engineering";"5";"PO;";"P";"M;";"Z,ZK";"EN"
"6626106";"NIE-MKY";"Mathematics for Cryptology";"5";"PO;V;";"P";"M;";"Z,ZK";"EN"
"4675306";"MIE-HWB.16";"Hardware Security";"5";"PO;";"";"M;";"Z,ZK";"EN"
"6625706";"NIE-AIB";"Algorithms of Information Security";"5";"PO;";"P";"M;";"Z,ZK";"EN"
"6624906";"NIE-SIB";"Network Security";"5";"PO";"P";"M";"Z,ZK";"EN"
"6557906";"BIK-EHA.21";"Etické hackování";"5";"PO;PV;";"K";"B";"Z,ZK";"CS"
"1600806";"PI-ANM";"Aplikovaná numerická matematika";"4";"P";"";"D";"ZK";""
"6548706";"BI-KAB.21";"Kryptografie a bezpečnost";"5";"P;";"P";"B";"Z,ZK";"CS"
"6169106";"NI-KYB";"Kybernalita";"5";"P";"P";"M";"ZK";"CS"
"6557606";"BIK-TAB.21";"Technologické aplikace bezpečnosti";"5";"PO;";"K";"B;";"Z,ZK";"CS"
"6559706";"BIE-ASB.21";"Applied Network Security";"5";"PO;";"P";"B;";"Z,ZK";"EN"
"6548906";"BIE-KAB.21";"Cryptography and Security";"5";"P";"P";"B";"Z,ZK";"EN"
"6626006";"NIE-KRY";"Advanced Cryptology";"5";"PO";"P";"M";"Z,ZK";"EN"
"6548806";"BIK-KAB.21";"Kryptografie a bezpečnost";"5";"P";"K";"B";"Z,ZK";"CS"
"6557506";"BI-TAB.21";"Technologické aplikace bezpečnosti";"5";"PO;V;";"P";"B;";"Z,ZK";"CS"
"6559506";"BI-ASB.21";"Aplikovaná síťová bezpečnost";"5";"PO;";"P";"B;";"Z,ZK";"CS"
"6706106";"BIE-HWB.21";"Hardware Security";"5";"PO;";"P";"B;";"Z,ZK";"EN"
"6557706";"BIE-TAB.21";"Applications of Security in Technology";"5";"PO;";"P";"B;";"Z,ZK";"EN"
"6549706";"BIE-UKB.21";"Introduction to Cybersecurity";"5";"PZ;";"P";"B;";"Z,ZK";"EN"
"6559806";"BI-ZSB.21";"Základy systémové bezpečnosti";"5";"PO;";"P";"B;";"Z,ZK";"CS"
"6549506";"BI-UKB.21";"Úvod do kybernetické bezpečnosti";"5";"PZ;";"P";"B;";"Z,ZK";"CS"
"6702706";"BI-EHA.21";"Etické hackování";"5";"PO;PV;";"P";"B";"Z,ZK";"CS"
"6702806";"BI-BEK.21";"Bezpečný kód";"5";"PO;PV;";"P";"B;";"Z,ZK";"CS"
"6705806";"BIK-BEK.21";"Bezpečný kód";"5";"PO;PV;";"K";"B;";"Z,ZK";"CS"
"6705906";"BIE-BEK.21";"Secure Code";"5";"PO;PV;";"P";"B;";"Z,ZK";"EN"
"6706006";"BIK-HWB.21";"Hardwarová bezpečnost";"5";"PO;";"K";"B;";"Z,ZK";"CS"
"6549606";"BIK-UKB.21";"Úvod do kybernetické bezpečnosti";"5";"PZ;";"K";"B;";"Z,ZK";"CS"
"6559606";"BIK-ASB.21";"Aplikovaná síťová bezpečnost";"5";"PO;";"K";"B;";"Z,ZK";"CS"
"6562506";"BIE-EHA.21";"Ethical Hacking";"5";"PO;V";"P";"B";"Z,ZK";"EN"
"6560006";"BIE-ZSB.21";"Basics of System Security";"5";"PO;";"P";"B;";"Z,ZK";"EN"
"6703306";"BI-HWB.21";"Hardwarová bezpečnost";"5";"PO;";"P";"B;";"Z,ZK";"CS"
"3459606";"BI-HWB";"Hardwarová bezpečnost";"5";"PO;";"P";"B;";"Z,ZK";"CS"
"6624806";"NIE-SBF";"System Security and Forensics";"5";"PO;";"P";"M;";"Z,ZK";"EN"
"6559906";"BIK-ZSB.21";"Základy systémové bezpečnosti";"5";"PO;";"K";"B;";"Z,ZK";"CS"
"6813906";"NIE-BLO";"Blockchain";"5";"V;";"P";"M;";"Z,ZK";"EN"
